test_id,beta,g,g2,cutoff,mode_count,energy_seed,E0,E1,E2,E3,E4,lambda_disc,lambda_cont,trace_ed_analytic,trace_ed_path,trace_ed_scalar,trace_path_scalar,fro_ed_analytic,fro_ed_path,fro_ed_scalar,p0_ed,p1_ed,p2_ed,p3_ed,p4_ed,p0_analytic,p1_analytic,p2_analytic,p3_analytic,p4_analytic,p0_path,p1_path,p2_path,p3_path,p4_path,p0_scalar,p1_scalar,p2_scalar,p3_scalar,p4_scalar,shift0_ed,shift1_ed,shift2_ed,shift3_ed,shift4_ed,shift0_analytic,shift1_analytic,shift2_analytic,shift3_analytic,shift4_analytic,shift0_path,shift1_path,shift2_path,shift3_path,shift4_path,shift0_scalar,shift1_scalar,shift2_scalar,shift3_scalar,shift4_scalar,tr_ed,tr_analytic,tr_path,tr_scalar,lambda_est_ed,lambda_est_analytic,lambda_est_path,lambda_est_scalar,hmf_expect_ed_gauge0,hmf_expect_analytic_gauge0,x_var_path,x_var_scalar,c_beta_grid,c_beta_disc
LT-CG-1,0.45,0.3,0.09,4,2,20260212,0.0,0.4284824743646949,0.6872455421412269,1.4780071650841098,1.918551582773322,0.027424019846285223,0.04125296124941927,8.078880353104556e-07,3.1747101931212107e-06,2.865045538603256e-05,2.5475745192911348e-05,9.079249677112834e-07,3.567819454759305e-06,3.219810499085985e-05,0.2857286444792891,0.23562120487408825,0.2097218378334079,0.1469275106927395,0.12200080212047525,0.2857283815670292,0.23562098806802215,0.20972164485855788,0.14692737549788018,0.12200161000851054,0.28572761132841334,0.2356203529040153,0.2097210795114665,0.14692697942543645,0.1220039768306684,0.28571932071703393,0.23561351619415052,0.20971499428939008,0.1469227162235642,0.12202945257586134,0.0,-2.6645352591003757e-15,-8.881784197001252e-16,6.661338147750939e-16,0.02740725959138879,0.0,-2.7755575615628914e-16,1.1102230246251565e-16,-2.220446049250313e-16,0.027424019846285175,0.0,-5.551115123125783e-17,1.1102230246251565e-16,-2.220446049250313e-16,0.027473120831227105,0.0,-5.551115123125783e-17,1.1102230246251565e-16,-2.220446049250313e-16,0.02800157680127513,1.0,0.9999999999999999,1.0,1.0000000000000002,0.02740725959138879,0.027424019846285175,0.027473120831227105,0.02800157680127513,-0.20400490803085816,-0.204002498262764,0.02467051653862667,0.02461865065000207,0.02470392476044803,0.0246816178616567
LT-CG-1,0.45,0.3,0.09,6,2,20260212,0.0,0.4284824743646949,0.6872455421412269,1.4780071650841098,1.918551582773322,0.027424019846285223,0.04125296124941927,3.696042590040083e-09,2.370518200400795e-06,2.7846263393312143e-05,2.5475745192911348e-05,4.1537059283459775e-09,2.6640481929763674e-06,3.129433372907691e-05,0.2857283827698382,0.2356209890598976,0.20972164574140703,0.1469273761163892,0.122001606312468,0.2857283815670292,0.23562098806802215,0.20972164485855788,0.14692737549788018,0.12200161000851054,0.28572761132841334,0.2356203529040153,0.2097210795114665,0.14692697942543645,0.1220039768306684,0.28571932071703393,0.23561351619415052,0.20971499428939008,0.1469227162235642,0.12202945257586134,0.0,-2.9976021664879227e-15,-8.881784197001252e-16,2.220446049250313e-16,0.027423943169273546,0.0,-2.7755575615628914e-16,1.1102230246251565e-16,-2.220446049250313e-16,0.027424019846285175,0.0,-5.551115123125783e-17,1.1102230246251565e-16,-2.220446049250313e-16,0.027473120831227105,0.0,-5.551115123125783e-17,1.1102230246251565e-16,-2.220446049250313e-16,0.02800157680127513,1.0,0.9999999999999999,1.0,1.0000000000000002,0.027423943169273546,0.027424019846285175,0.027473120831227105,0.02800157680127513,-0.20400250928723995,-0.204002498262764,0.02467051653862667,0.02461865065000207,0.02470392476044803,0.0246816178616567
LT-CG-1,0.45,0.3,0.09,8,2,20260212,0.0,0.4284824743646949,0.6872455421412269,1.4780071650841098,1.918551582773322,0.027424019846285223,0.04125296124941927,1.5018666865707075e-11,2.366837176477621e-06,2.784258236938897e-05,2.5475745192911348e-05,1.6878356953580158e-11,2.6599113654049713e-06,3.129019690150552e-05,0.285728381571917,0.23562098807205245,0.20972164486214537,0.14692737550039328,0.12200160999349191,0.2857283815670292,0.23562098806802215,0.20972164485855788,0.14692737549788018,0.12200161000851054,0.28572761132841334,0.2356203529040153,0.2097210795114665,0.14692697942543645,0.1220039768306684,0.28571932071703393,0.23561351619415052,0.20971499428939008,0.1469227162235642,0.12202945257586134,0.0,-3.608224830031759e-15,-1.2212453270876722e-15,-5.10702591327572e-15,0.027424019534710853,0.0,-2.7755575615628914e-16,1.1102230246251565e-16,-2.220446049250313e-16,0.027424019846285175,0.0,-5.551115123125783e-17,1.1102230246251565e-16,-2.220446049250313e-16,0.027473120831227105,0.0,-5.551115123125783e-17,1.1102230246251565e-16,-2.220446049250313e-16,0.02800157680127513,1.0,0.9999999999999999,1.0,1.0000000000000002,0.027424019534710853,0.027424019846285175,0.027473120831227105,0.02800157680127513,-0.20400249830756137,-0.204002498262764,0.02467051653862667,0.02461865065000207,0.02470392476044803,0.0246816178616567
LT-CG-1,0.65,0.3,0.09,4,2,20260212,0.0,0.4284824743646949,0.6872455421412269,1.4780071650841098,1.918551582773322,0.027424019846285223,0.04125296124941927,2.5681707857549974e-08,1.4524348773997664e-05,4.8606758355565494e-05,3.408240958156783e-05,2.9005185023494424e-08,1.640394892475913e-05,5.489697292935764e-05,0.32554440277713365,0.24640715221135037,0.20826040921326253,0.12456083225995065,0.09522720353830284,0.3255443935366521,0.24640714521715656,0.20826040330185225,0.12456082872432837,0.09522722922001065,0.32554962875261145,0.24641110779382736,0.20826375242476364,0.12456283183926875,0.09521267918952885,0.3255618918729394,0.24642038984730902,0.20827159750652802,0.12456752399327638,0.0951785967799473,0.0,-1.7763568394002505e-15,1.3322676295501878e-15,-1.1102230246251565e-15,0.0274235612717586,0.0,0.0,0.0,0.0,0.027424019846285397,0.0,0.0,0.0,0.0,0.027164195666482982,0.0,0.0,0.0,0.0,0.02655543693362139,1.0,1.0,0.9999999999999999,1.0,0.0274235612717586,0.027424019846285397,0.027164195666482982,0.02655543693362139,-0.28407682091175535,-0.2840767365833884,0.035549997721886696,0.03581831669809677,0.03571842139269556,0.03565122580017079
LT-CG-1,0.65,0.3,0.09,6,2,20260212,0.0,0.4284824743646949,0.6872455421412269,1.4780071650841098,1.918551582773322,0.027424019846285223,0.04125296124941927,1.0241925363363436e-11,1.455002023992985e-05,4.863242982149768e-05,3.408240958156783e-05,1.1567232879767307e-11,1.6432942542549747e-05,5.492596654714826e-05,0.32554439354033704,0.24640714521994597,0.20826040330420986,0.12456082872573845,0.09522722920976884,0.3255443935366521,0.24640714521715656,0.20826040330185225,0.12456082872432837,0.09522722922001065,0.32554962875261145,0.24641110779382736,0.20826375242476364,0.12456283183926875,0.09521267918952885,0.3255618918729394,0.24642038984730902,0.20827159750652802,0.12456752399327638,0.0951785967799473,0.0,1.6653345369377348e-15,1.887379141862766e-15,1.7763568394002505e-15,0.027424019663407684,0.0,0.0,0.0,0.0,0.027424019846285397,0.0,0.0,0.0,0.0,0.027164195666482982,0.0,0.0,0.0,0.0,0.02655543693362139,1.0000000000000002,1.0,0.9999999999999999,1.0,0.027424019663407684,0.027424019846285397,0.027164195666482982,0.02655543693362139,-0.2840767366170187,-0.2840767365833884,0.035549997721886696,0.03581831669809677,0.03571842139269556,0.03565122580017079
LT-CG-1,0.65,0.3,0.09,8,2,20260212,0.0,0.4284824743646949,0.6872455421412269,1.4780071650841098,1.918551582773322,0.027424019846285223,0.04125296124941927,3.858025010572419e-15,1.4550030477997189e-05,4.863244005956502e-05,3.408240958156783e-05,4.327956729580528e-15,1.6432954105462433e-05,5.492597811006094e-05,0.32554439353665326,0.2464071452171577,0.20826040330185322,0.12456082872432897,0.0952272292200068,0.3255443935366521,0.24640714521715656,0.20826040330185225,0.12456082872432837,0.09522722922001065,0.32554962875261145,0.24641110779382736,0.20826375242476364,0.12456283183926875,0.09521267918952885,0.3255618918729394,0.24642038984730902,0.20827159750652802,0.12456752399327638,0.0951785967799473,0.0,1.6653345369377348e-15,1.6653345369377348e-15,1.7763568394002505e-15,0.027424019846218117,0.0,0.0,0.0,0.0,0.027424019846285397,0.0,0.0,0.0,0.0,0.027164195666482982,0.0,0.0,0.0,0.0,0.02655543693362139,1.0,1.0,0.9999999999999999,1.0,0.027424019846218117,0.027424019846285397,0.027164195666482982,0.02655543693362139,-0.2840767365834008,-0.2840767365833884,0.035549997721886696,0.03581831669809677,0.03571842139269556,0.03565122580017079
LT-CG-1,0.9,0.3,0.09,4,2,20260212,0.0,0.4284824743646949,0.6872455421412269,1.4780071650841098,1.918551582773322,0.027424019846285223,0.04125296124941927,5.950875070492856e-10,2.914251012801211e-05,4.5096458042369336e-05,7.423896817038145e-05,6.773489323214825e-10,3.317100341284467e-05,5.133033349072067e-05,0.37516436620707083,0.25511897702090164,0.20211629547255763,0.09920196189380129,0.06839839940566876,0.3751643659674234,0.25511897685793744,0.20211629534344994,0.09920196183043299,0.06839840000075617,0.3751761021587208,0.255126957693506,0.2021226181068082,0.09920506514542432,0.06836925689554071,0.3751462054567145,0.25510662736173906,0.20210651153805956,0.09919715977977576,0.068443495863711,0.0,-2.4980018054066022e-15,-6.661338147750939e-16,8.881784197001252e-16,0.02742400946951684,0.0,2.220446049250313e-16,-1.1102230246251565e-16,0.0,0.027424019846285397,0.0,-1.1102230246251565e-16,-1.1102230246251565e-16,0.0,0.026915739998413013,0.0,2.220446049250313e-16,-1.1102230246251565e-16,0.0,0.028210133620861555,1.0,1.0,1.0,0.9999999999999999,0.02742400946951684,0.027424019846285397,0.026915739998413013,0.028210133620861555,-0.37278370783450154,-0.37278370559573104,0.049527546562535496,0.04902606984621353,0.04954146357718629,0.0493632357233134
LT-CG-1,0.9,0.3,0.09,6,2,20260212,0.0,0.4284824743646949,0.6872455421412269,1.4780071650841098,1.918551582773322,0.027424019846285223,0.04125296124941927,1.6389667401028873e-14,2.9143105199129493e-05,4.5095862971251954e-05,7.423896817038145e-05,1.8642637290905928e-14,3.317168074314243e-05,5.1329656160422914e-05,0.3751643659674303,0.2551189768579415,0.20211629534345352,0.0992019618304349,0.06839840000073982,0.3751643659674234,0.25511897685793744,0.20211629534344994,0.09920196183043299,0.06839840000075617,0.3751761021587208,0.255126957693506,0.2021226181068082,0.09920506514542432,0.06836925689554071,0.3751462054567145,0.25510662736173906,0.20210651153805956,0.09919715977977576,0.068443495863711,0.0,-2.4980018054066022e-15,-7.771561172376096e-16,8.881784197001252e-16,0.02742401984599918,0.0,2.220446049250313e-16,-1.1102230246251565e-16,0.0,0.027424019846285397,0.0,-1.1102230246251565e-16,-1.1102230246251565e-16,0.0,0.026915739998413013,0.0,2.220446049250313e-16,-1.1102230246251565e-16,0.0,0.028210133620861555,1.0,1.0,1.0,0.9999999999999999,0.02742401984599918,0.027424019846285397,0.026915739998413013,0.028210133620861555,-0.372783705595792,-0.37278370559573104,0.049527546562535496,0.04902606984621353,0.04954146357718629,0.0493632357233134
LT-CG-1,0.9,0.3,0.09,8,2,20260212,0.0,0.4284824743646949,0.6872455421412269,1.4780071650841098,1.918551582773322,0.027424019846285223,0.04125296124941927,7.979727989493313e-16,2.91431052151514e-05,4.509586295523005e-05,7.423896817038145e-05,8.140715532824174e-16,3.317168076132804e-05,5.132965614223731e-05,0.3751643659674241,0.2551189768579372,0.20211629534345016,0.09920196183043278,0.0683984000007559,0.3751643659674234,0.25511897685793744,0.20211629534344994,0.09920196183043299,0.06839840000075617,0.3751761021587208,0.255126957693506,0.2021226181068082,0.09920506514542432,0.06836925689554071,0.3751462054567145,0.25510662736173906,0.20210651153805956,0.09919715977977576,0.068443495863711,0.0,-2.6645352591003757e-15,-7.771561172376096e-16,-4.440892098500626e-15,0.027424019846278735,0.0,2.220446049250313e-16,-1.1102230246251565e-16,0.0,0.027424019846285397,0.0,-1.1102230246251565e-16,-1.1102230246251565e-16,0.0,0.026915739998413013,0.0,2.220446049250313e-16,-1.1102230246251565e-16,0.0,0.028210133620861555,1.0000000000000002,1.0,1.0,0.9999999999999999,0.027424019846278735,0.027424019846285397,0.026915739998413013,0.028210133620861555,-0.3727837055957328,-0.37278370559573104,0.049527546562535496,0.04902606984621353,0.04954146357718629,0.0493632357233134
LT-CG-1,1.2,0.3,0.09,4,2,20260212,0.0,0.4284824743646949,0.6872455421412269,1.4780071650841098,1.918551582773322,0.027424019846285223,0.04125296124941927,3.8960605575066865e-11,2.7989960647178957e-05,5.451848729387185e-05,2.652852664669289e-05,4.483621434425266e-11,3.221101831817498e-05,6.27402094285997e-05,0.43300190527551097,0.2589313992692397,0.1898145376085975,0.07348883795043552,0.04476331989621627,0.43300190525785026,0.2589313992586792,0.1898145376008556,0.07348883794743818,0.04476331993517702,0.43301459292302397,0.2589389863728624,0.18982009947776404,0.07349099129078046,0.04473532993556908,0.43302661811303333,0.25894617733261954,0.18982537094621135,0.07349303219921333,0.04470880140892239,0.0,-1.4988010832439613e-15,1.1102230246251565e-16,-4.440892098500626e-16,0.027424019086985885,0.0,0.0,0.0,0.0,0.027424019846285175,0.0,-1.6653345369377348e-16,-1.1102230246251565e-16,-2.220446049250313e-16,0.02687836524922016,0.0,-1.6653345369377348e-16,-1.1102230246251565e-16,0.0,0.026360901065492826,1.0,1.0000000000000002,1.0,1.0,0.027424019086985885,0.027424019846285175,0.02687836524922016,0.026360901065492826,-0.4623056104582778,-0.46230561028100275,0.06603803957352869,0.06567215142123008,0.06623955955573378,0.06581764763108454
LT-CG-1,1.2,0.3,0.09,6,2,20260212,0.0,0.4284824743646949,0.6872455421412269,1.4780071650841098,1.918551582773322,0.027424019846285223,0.04125296124941927,4.163336342344337e-16,2.7989999607784533e-05,5.451852625447742e-05,2.652852664669289e-05,4.627779271052808e-16,3.221106315425802e-05,6.274025426468275e-05,0.43300190525785043,0.2589313992586788,0.18981453760085568,0.07348883794743816,0.044763319935176855,0.43300190525785026,0.2589313992586792,0.1898145376008556,0.07348883794743818,0.04476331993517702,0.43301459292302397,0.2589389863728624,0.18982009947776404,0.07349099129078046,0.04473532993556908,0.43302661811303333,0.25894617733261954,0.18982537094621135,0.07349303219921333,0.04470880140892239,0.0,-1.5543122344752192e-15,1.1102230246251565e-16,-8.881784197001252e-16,0.027424019846281844,0.0,0.0,0.0,0.0,0.027424019846285175,0.0,-1.6653345369377348e-16,-1.1102230246251565e-16,-2.220446049250313e-16,0.02687836524922016,0.0,-1.6653345369377348e-16,-1.1102230246251565e-16,0.0,0.026360901065492826,1.0,1.0000000000000002,1.0,1.0,0.027424019846281844,0.027424019846285175,0.02687836524922016,0.026360901065492826,-0.46230561028100386,-0.46230561028100275,0.06603803957352869,0.06567215142123008,0.06623955955573378,0.06581764763108454
LT-CG-1,1.2,0.3,0.09,8,2,20260212,0.0,0.4284824743646949,0.6872455421412269,1.4780071650841098,1.918551582773322,0.027424019846285223,0.04125296124941927,3.2612801348363973e-16,2.7989999607888616e-05,5.4518526254581506e-05,2.652852664669289e-05,4.1378155113057574e-16,3.221106315438208e-05,6.274025426480681e-05,0.4330019052578504,0.2589313992586788,0.18981453760085565,0.07348883794743814,0.044763319935176966,0.43300190525785026,0.2589313992586792,0.1898145376008556,0.07348883794743818,0.04476331993517702,0.43301459292302397,0.2589389863728624,0.18982009947776404,0.07349099129078046,0.04473532993556908,0.43302661811303333,0.25894617733261954,0.18982537094621135,0.07349303219921333,0.04470880140892239,0.0,-1.4988010832439613e-15,1.1102230246251565e-16,-8.881784197001252e-16,0.02742401984628362,0.0,0.0,0.0,0.0,0.027424019846285175,0.0,-1.6653345369377348e-16,-1.1102230246251565e-16,-2.220446049250313e-16,0.02687836524922016,0.0,-1.6653345369377348e-16,-1.1102230246251565e-16,0.0,0.026360901065492826,1.0,1.0000000000000002,1.0,1.0,0.02742401984628362,0.027424019846285175,0.02687836524922016,0.026360901065492826,-0.46230561028100325,-0.46230561028100275,0.06603803957352869,0.06567215142123008,0.06623955955573378,0.06581764763108454
LT-CG-1,1.6,0.3,0.09,4,2,20260212,0.0,0.4284824743646949,0.6872455421412269,1.4780071650841098,1.918551582773322,0.027424019846285223,0.04125296124941927,1.2245619449013923e-11,6.102991236461679e-05,1.179928646520556e-05,4.9230625899411226e-05,1.4325000947187014e-11,7.139323834885953e-05,1.3802891702111768e-05,0.5052305423107809,0.2545361541795978,0.16824512226404884,0.04747500587248854,0.024513175373084013,0.5052305423044384,0.25453615417640246,0.16824512226193694,0.047475005871892545,0.024513175385329548,0.5051989332977807,0.254520229495849,0.16823459625302728,0.047472035667894506,0.02457420528544862,0.5052244311468479,0.2545330753630283,0.16824308720591816,0.047474431624656484,0.024524974659549212,0.0,0.0,-6.661338147750939e-16,0.0,0.027424019526220755,0.0,0.0,0.0,0.0,0.027424019846284953,0.0,-1.6653345369377348e-16,-1.1102230246251565e-16,0.0,0.02901723786576338,0.0,0.0,-1.1102230246251565e-16,0.0,0.027732347484363373,1.0,1.0,1.0,1.0000000000000002,0.027424019526220755,0.027424019846284953,0.02901723786576338,0.027732347484363373,-0.5557566170936085,-0.5557566170179847,0.08935752768006543,0.08693855513944396,0.08875464366907247,0.08775686350811272
LT-CG-1,1.6,0.3,0.09,6,2,20260212,0.0,0.4284824743646949,0.6872455421412269,1.4780071650841098,1.918551582773322,0.027424019846285223,0.04125296124941927,3.885780586188048e-16,6.102990011919163e-05,1.17992742197804e-05,4.9230625899411226e-05,4.886873367543068e-16,7.139322402402454e-05,1.3802877377276776e-05,0.5052305423044384,0.2545361541764024,0.16824512226193739,0.047475005871892406,0.02451317538532941,0.5052305423044384,0.25453615417640246,0.16824512226193694,0.047475005871892545,0.024513175385329548,0.5051989332977807,0.254520229495849,0.16823459625302728,0.047472035667894506,0.02457420528544862,0.5052244311468479,0.2545330753630283,0.16824308720591816,0.047474431624656484,0.024524974659549212,0.0,-1.6653345369377348e-16,1.7763568394002505e-15,-1.9984014443252818e-15,0.0274240198462814,0.0,0.0,0.0,0.0,0.027424019846284953,0.0,-1.6653345369377348e-16,-1.1102230246251565e-16,0.0,0.02901723786576338,0.0,0.0,-1.1102230246251565e-16,0.0,0.027732347484363373,1.0,1.0,1.0,1.0000000000000002,0.0274240198462814,0.027424019846284953,0.02901723786576338,0.027732347484363373,-0.5557566170179861,-0.5557566170179847,0.08935752768006543,0.08693855513944396,0.08875464366907247,0.08775686350811272
LT-CG-1,1.6,0.3,0.09,8,2,20260212,0.0,0.4284824743646949,0.6872455421412269,1.4780071650841098,1.918551582773322,0.027424019846285223,0.04125296124941927,1.5838025335668249e-15,6.102990011913785e-05,1.1799274219726624e-05,4.9230625899411226e-05,2.1054855579661626e-15,7.139322402432005e-05,1.3802877377572292e-05,0.5052305423044401,0.2545361541764012,0.16824512226193677,0.047475005871892566,0.02451317538532951,0.5052305423044384,0.25453615417640246,0.16824512226193694,0.047475005871892545,0.024513175385329548,0.5051989332977807,0.254520229495849,0.16823459625302728,0.047472035667894506,0.02457420528544862,0.5052244311468479,0.2545330753630283,0.16824308720591816,0.047474431624656484,0.024524974659549212,0.0,-5.162537064506978e-15,-2.6645352591003757e-15,-1.9984014443252818e-15,0.027424019846282066,0.0,0.0,0.0,0.0,0.027424019846284953,0.0,-1.6653345369377348e-16,-1.1102230246251565e-16,0.0,0.02901723786576338,0.0,0.0,-1.1102230246251565e-16,0.0,0.027732347484363373,1.0000000000000002,1.0,1.0,1.0000000000000002,0.027424019846282066,0.027424019846284953,0.02901723786576338,0.027732347484363373,-0.5557566170179864,-0.5557566170179847,0.08935752768006543,0.08693855513944396,0.08875464366907247,0.08775686350811272
LT-CG-1,2.1,0.3,0.09,4,2,20260212,0.0,0.4284824743646949,0.6872455421412269,1.4780071650841098,1.918551582773322,0.027424019846285223,0.04125296124941927,6.748939948564292e-12,9.999245615479463e-06,8.19494176480546e-06,1.8043038506740036e-06,8.06936107751172e-12,1.1954982022057996e-05,9.797777276225228e-06,0.5859816696088075,0.2382868767719542,0.13838959643075685,0.026297489066785022,0.011044368121696357,0.5859816696048072,0.23828687677032925,0.1383895964298126,0.026297489066605534,0.011044368128445309,0.5859757447983782,0.23828446747377155,0.138388197185411,0.0262972231751274,0.01105436736731193,0.5859768138948561,0.23828490221716697,0.13838844967083472,0.026297271153680996,0.011052563063461208,0.0,-3.4416913763379853e-15,-1.6653345369377348e-15,-4.440892098500626e-16,0.027424019552045653,0.0,5.551115123125783e-17,-1.1102230246251565e-16,0.0,0.027424019846285175,0.0,-5.551115123125783e-17,0.0,0.0,0.027859768081763603,0.0,5.551115123125783e-17,0.0,0.0,0.027781168701767944,1.0,1.0,1.0000000000000002,1.0,0.027424019552045653,0.027424019846285175,0.027859768081763603,0.027781168701767944,-0.6400089789308867,-0.6400089788641357,0.11808297210241105,0.11480306746320443,0.11742840296186753,0.11518088335439794
LT-CG-1,2.1,0.3,0.09,6,2,20260212,0.0,0.4284824743646949,0.6872455421412269,1.4780071650841098,1.918551582773322,0.027424019846285223,0.04125296124941927,5.386316392907986e-16,9.999238866500483e-06,8.19493501582648e-06,1.8043038506740036e-06,5.652031508480986e-16,1.1954973952706224e-05,9.797769206873459e-06,0.5859816696048076,0.23828687677032942,0.13838959642981222,0.026297489066605517,0.01104436812844548,0.5859816696048072,0.23828687677032925,0.1383895964298126,0.026297489066605534,0.011044368128445309,0.5859757447983782,0.23828446747377155,0.138388197185411,0.0262972231751274,0.01105436736731193,0.5859768138948561,0.23828490221716697,0.13838844967083472,0.026297271153680996,0.011052563063461208,0.0,1.1102230246251565e-16,-1.6653345369377348e-15,-4.440892098500626e-16,0.02742401984629228,0.0,5.551115123125783e-17,-1.1102230246251565e-16,0.0,0.027424019846285175,0.0,-5.551115123125783e-17,0.0,0.0,0.027859768081763603,0.0,5.551115123125783e-17,0.0,0.0,0.027781168701767944,1.0000000000000002,1.0,1.0000000000000002,1.0,0.02742401984629228,0.027424019846285175,0.027859768081763603,0.027781168701767944,-0.6400089788641348,-0.6400089788641357,0.11808297210241105,0.11480306746320443,0.11742840296186753,0.11518088335439794
LT-CG-1,2.1,0.3,0.09,8,2,20260212,0.0,0.4284824743646949,0.6872455421412269,1.4780071650841098,1.918551582773322,0.027424019846285223,0.04125296124941927,5.403663627667754e-16,9.999238866498748e-06,8.194935015824745e-06,1.8043038506740036e-06,5.662669935144203e-16,1.1954973952703322e-05,9.797769206870557e-06,0.5859816696048076,0.23828687677032942,0.13838959642981222,0.026297489066605517,0.011044368128445484,0.5859816696048072,0.23828687677032925,0.1383895964298126,0.026297489066605534,0.011044368128445309,0.5859757447983782,0.23828446747377155,0.138388197185411,0.0262972231751274,0.01105436736731193,0.5859768138948561,0.23828490221716697,0.13838844967083472,0.026297271153680996,0.011052563063461208,0.0,1.1102230246251565e-16,-1.6653345369377348e-15,-4.440892098500626e-16,0.027424019846292502,0.0,5.551115123125783e-17,-1.1102230246251565e-16,0.0,0.027424019846285175,0.0,-5.551115123125783e-17,0.0,0.0,0.027859768081763603,0.0,5.551115123125783e-17,0.0,0.0,0.027781168701767944,1.0000000000000002,1.0,1.0000000000000002,1.0,0.027424019846292502,0.027424019846285175,0.027859768081763603,0.027781168701767944,-0.6400089788641348,-0.6400089788641357,0.11808297210241105,0.11480306746320443,0.11742840296186753,0.11518088335439794
LT-CG-1,0.45,0.55,0.30250000000000005,4,2,20260212,0.0,0.4284824743646949,0.6872455421412269,1.4780071650841098,1.918551582773322,0.09217517781668089,0.13865578642165924,3.320273318702105e-06,0.0001782705420758368,0.0002960252552616574,0.00011775471318582059,3.731406969741688e-06,0.00020034493529643037,0.00033268065447561283,0.2847024918934723,0.23477500582010313,0.2089686525635614,0.14639984205349701,0.12515400766936619,0.2847014113717622,0.23477411478648766,0.20896785947192284,0.14639928642714245,0.1251573279426849,0.2847605067532362,0.23482284677487747,0.2090112348640988,0.1464296744804972,0.12497573712729038,0.28479882785268695,0.23485444760944252,0.20903936215045912,0.1464493799733069,0.12485798241410452,0.0,-2.9976021664879227e-15,-1.2212453270876722e-15,2.220446049250313e-16,0.09210779021233129,0.0,-5.551115123125783e-17,1.1102230246251565e-16,-2.220446049250313e-16,0.09217517781668083,0.0,-5.551115123125783e-17,1.1102230246251565e-16,-2.220446049250313e-16,0.0884873953644083,0.0,-5.551115123125783e-17,1.1102230246251565e-16,-2.220446049250313e-16,0.08609355360549809,1.0,1.0,1.0,1.0,0.09210779021233129,0.09217517781668083,0.0884873953644083,0.08609355360549809,-0.1948592685517599,-0.19484990885150866,0.08402949107235279,0.08353443554422771,0.08303263600039476,0.0829576600350128
LT-CG-1,0.45,0.55,0.30250000000000005,6,2,20260212,0.0,0.4284824743646949,0.6872455421412269,1.4780071650841098,1.918551582773322,0.09217517781668089,0.13865578642165924,1.7127401649719154e-08,0.0001815736879928892,0.0002993284011787098,0.00011775471318582059,1.924820627564609e-08,0.00020405709405989643,0.00033639281323907886,0.2847014169455593,0.2347741193828231,0.20896786356303157,0.1463992892933029,0.1251573108152833,0.2847014113717622,0.23477411478648766,0.20896785947192284,0.14639928642714245,0.1251573279426849,0.2847605067532362,0.23482284677487747,0.2090112348640988,0.1464296744804972,0.12497573712729038,0.28479882785268695,0.23485444760944252,0.20903936215045912,0.1464493799733069,0.12485798241410452,0.0,-2.6645352591003757e-15,-6.661338147750939e-16,2.220446049250313e-16,0.09217483020628792,0.0,-5.551115123125783e-17,1.1102230246251565e-16,-2.220446049250313e-16,0.09217517781668083,0.0,-5.551115123125783e-17,1.1102230246251565e-16,-2.220446049250313e-16,0.0884873953644083,0.0,-5.551115123125783e-17,1.1102230246251565e-16,-2.220446049250313e-16,0.08609355360549809,1.0000000000000002,1.0,1.0,1.0,0.09217483020628792,0.09217517781668083,0.0884873953644083,0.08609355360549809,-0.19484995713143627,-0.19484990885150866,0.08402949107235279,0.08353443554422771,0.08303263600039476,0.0829576600350128
LT-CG-1,0.45,0.55,0.30250000000000005,8,2,20260212,0.0,0.4284824743646949,0.6872455421412269,1.4780071650841098,1.918551582773322,0.09217517781668089,0.13865578642165924,7.800421419901227e-11,0.00018159073739032472,0.0002993454505761453,0.00011775471318582059,8.766310757394673e-11,0.0002040762546030645,0.00033641197378224695,0.28470141139714744,0.23477411480742083,0.2089678594905553,0.1463992864401958,0.1251573278646807,0.2847014113717622,0.23477411478648766,0.20896785947192284,0.14639928642714245,0.1251573279426849,0.2847605067532362,0.23482284677487747,0.2090112348640988,0.1464296744804972,0.12497573712729038,0.28479882785268695,0.23485444760944252,0.20903936215045912,0.1464493799733069,0.12485798241410452,0.0,-2.9976021664879227e-15,-6.661338147750939e-16,-3.9968028886505635e-15,0.09217517623353966,0.0,-5.551115123125783e-17,1.1102230246251565e-16,-2.220446049250313e-16,0.09217517781668083,0.0,-5.551115123125783e-17,1.1102230246251565e-16,-2.220446049250313e-16,0.0884873953644083,0.0,-5.551115123125783e-17,1.1102230246251565e-16,-2.220446049250313e-16,0.08609355360549809,1.0,1.0,1.0,1.0,0.09217517623353966,0.09217517781668083,0.0884873953644083,0.08609355360549809,-0.19484990907139296,-0.19484990885150866,0.08402949107235279,0.08353443554422771,0.08303263600039476,0.0829576600350128
LT-CG-1,0.65,0.55,0.30250000000000005,4,2,20260212,0.0,0.4284824743646949,0.6872455421412269,1.4780071650841098,1.918551582773322,0.09217517781668089,0.13865578642165924,1.6780685209438762e-07,2.833224545126245e-05,7.361306724012334e-05,4.528082178886089e-05,1.895227851352903e-07,3.199872948090214e-05,8.313935543624903e-05,0.324217274867205,0.24540263852253846,0.20741140613029663,0.12405304236841537,0.09891563811154448,0.32421721448897334,0.2454025928217742,0.207411367504551,0.1240530192663049,0.09891580591839667,0.324227469033034,0.245410354567876,0.20741792764050834,0.12405694289248845,0.09888730586609332,0.32424376143057754,0.24542268641338505,0.20742835037040488,0.12406317674132816,0.09884202504430444,0.0,-2.0539125955565396e-15,1.6653345369377348e-15,-8.881784197001252e-16,0.09217228136961175,0.0,2.7755575615628914e-16,0.0,0.0,0.09217517781668128,0.0,0.0,0.0,0.0,0.09168318706460643,0.0,-2.220446049250313e-16,0.0,0.0,0.09090125354616951,0.9999999999999999,1.0000000000000002,1.0,1.0,0.09217228136961175,0.09217517781668128,0.09168318706460643,0.09090125354616951,-0.2723208430736315,-0.27232032408208495,0.12128788956218386,0.12022241931906541,0.12005358301433786,0.11982773116168516
LT-CG-1,0.65,0.55,0.30250000000000005,6,2,20260212,0.0,0.4284824743646949,0.6872455421412269,1.4780071650841098,1.918551582773322,0.09217517781668089,0.13865578642165924,9.504535353199728e-11,2.8499957258003306e-05,7.37807790468642e-05,4.528082178886089e-05,1.0734518000779921e-10,3.2188144920857416e-05,8.332877087620431e-05,0.3242172145231712,0.24540259284765906,0.2074113675264286,0.12405301927938991,0.09891580582335131,0.32421721448897334,0.2454025928217742,0.207411367504551,0.1240530192663049,0.09891580591839667,0.324227469033034,0.245410354567876,0.20741792764050834,0.12405694289248845,0.09888730586609332,0.32424376143057754,0.24542268641338505,0.20742835037040488,0.12406317674132816,0.09884202504430444,0.0,1.3877787807814457e-15,1.887379141862766e-15,1.7763568394002505e-15,0.09217517617614335,0.0,2.7755575615628914e-16,0.0,0.0,0.09217517781668128,0.0,0.0,0.0,0.0,0.09168318706460643,0.0,-2.220446049250313e-16,0.0,0.0,0.09090125354616951,1.0,1.0000000000000002,1.0,1.0,0.09217517617614335,0.09217517781668128,0.09168318706460643,0.09090125354616951,-0.2723203243760401,-0.27232032408208495,0.12128788956218386,0.12022241931906541,0.12005358301433786,0.11982773116168516
LT-CG-1,0.65,0.55,0.30250000000000005,8,2,20260212,0.0,0.4284824743646949,0.6872455421412269,1.4780071650841098,1.918551582773322,0.09217517781668089,0.13865578642165924,4.526240493518685e-14,2.8500052258094433e-05,7.378087404695532e-05,4.528082178886089e-05,5.1100896096111494e-14,3.2188252214936975e-05,8.332887817028387e-05,0.32421721448898944,0.24540259282178659,0.2074113675045615,0.12405301926631118,0.0989158059183514,0.32421721448897334,0.2454025928217742,0.207411367504551,0.1240530192663049,0.09891580591839667,0.324227469033034,0.245410354567876,0.20741792764050834,0.12405694289248845,0.09888730586609332,0.32424376143057754,0.24542268641338505,0.20742835037040488,0.12406317674132816,0.09884202504430444,0.0,1.3877787807814457e-15,1.6653345369377348e-15,1.7763568394002505e-15,0.09217517781590057,0.0,2.7755575615628914e-16,0.0,0.0,0.09217517781668128,0.0,0.0,0.0,0.0,0.09168318706460643,0.0,-2.220446049250313e-16,0.0,0.0,0.09090125354616951,1.0,1.0000000000000002,1.0,1.0,0.09217517781590057,0.09217517781668128,0.09168318706460643,0.09090125354616951,-0.27232032408222495,-0.27232032408208495,0.12128788956218386,0.12022241931906541,0.12005358301433786,0.11982773116168516
LT-CG-1,0.9,0.55,0.30250000000000005,4,2,20260212,0.0,0.4284824743646949,0.6872455421412269,1.4780071650841098,1.918551582773322,0.09217517781668089,0.13865578642165924,1.1600498936448211e-08,0.00023004053508228484,0.00017669913985444985,0.0004067396749367347,1.3204085317975825e-08,0.0002618400179251092,0.0002011250144689042,0.37363083233522354,0.25407614452439364,0.20129011843369574,0.09879646077903421,0.07220644392765296,0.3736308276635978,0.2540761413475989,0.2012901159169011,0.0987964595437504,0.07220645552815191,0.3735381929371254,0.2540131479538148,0.20124020982391047,0.09877196482241409,0.07243648446273518,0.3737019906724036,0.25412453356083553,0.20132845432270424,0.09881527665625811,0.07202974478779843,0.0,-2.3314683517128287e-15,-6.661338147750939e-16,8.881784197001252e-16,0.09217498541590441,0.0,5.551115123125783e-17,-1.1102230246251565e-16,0.0,0.09217517781668061,0.0,5.551115123125783e-17,-1.1102230246251565e-16,0.0,0.09598474421843872,0.0,5.551115123125783e-17,-1.1102230246251565e-16,0.0,0.08924101872189949,1.0,1.0,1.0,1.0,0.09217498541590441,0.09217517781668061,0.09598474421843872,0.08924101872189949,-0.3589214078517691,-0.3589213669939274,0.1670934525570177,0.16541400681827476,0.1665143636899873,0.1659153200700256
LT-CG-1,0.9,0.55,0.30250000000000005,6,2,20260212,0.0,0.4284824743646949,0.6872455421412269,1.4780071650841098,1.918551582773322,0.09217517781668089,0.13865578642165924,7.217490494149104e-13,0.00023002893530509744,0.00017671073963163725,0.0004067396749367347,8.215542806396249e-13,0.0002618268146613454,0.00020113821773266806,0.3736308276638886,0.25407614134779616,0.20129011591705773,0.0987964595438274,0.0722064555274301,0.3736308276635978,0.2540761413475989,0.2012901159169011,0.0987964595437504,0.07220645552815191,0.3735381929371254,0.2540131479538148,0.20124020982391047,0.09877196482241409,0.07243648446273518,0.3737019906724036,0.25412453356083553,0.20132845432270424,0.09881527665625811,0.07202974478779843,0.0,-2.1094237467877974e-15,-3.3306690738754696e-16,1.1102230246251565e-15,0.09217517780470863,0.0,5.551115123125783e-17,-1.1102230246251565e-16,0.0,0.09217517781668061,0.0,5.551115123125783e-17,-1.1102230246251565e-16,0.0,0.09598474421843872,0.0,5.551115123125783e-17,-1.1102230246251565e-16,0.0,0.08924101872189949,1.0,1.0,1.0,1.0,0.09217517780470863,0.09217517781668061,0.09598474421843872,0.08924101872189949,-0.3589213669964695,-0.3589213669939274,0.1670934525570177,0.16541400681827476,0.1665143636899873,0.1659153200700256
LT-CG-1,0.9,0.55,0.30250000000000005,8,2,20260212,0.0,0.4284824743646949,0.6872455421412269,1.4780071650841098,1.918551582773322,0.09217517781668089,0.13865578642165924,6.522560269672795e-16,0.00023002893458337614,0.00017671074035335854,0.0004067396749367347,6.50630003747379e-16,0.00026182681383999095,0.00020113821855402247,0.37363082766359823,0.2540761413475986,0.20129011591690119,0.0987964595437501,0.07220645552815176,0.3736308276635978,0.2540761413475989,0.2012901159169011,0.0987964595437504,0.07220645552815191,0.3735381929371254,0.2540131479538148,0.20124020982391047,0.09877196482241409,0.07243648446273518,0.3737019906724036,0.25412453356083553,0.20132845432270424,0.09881527665625811,0.07202974478779843,0.0,-2.6645352591003757e-15,-9.992007221626409e-16,-4.6629367034256575e-15,0.09217517781667683,0.0,5.551115123125783e-17,-1.1102230246251565e-16,0.0,0.09217517781668061,0.0,5.551115123125783e-17,-1.1102230246251565e-16,0.0,0.09598474421843872,0.0,5.551115123125783e-17,-1.1102230246251565e-16,0.0,0.08924101872189949,0.9999999999999999,1.0,1.0,1.0,0.09217517781667683,0.09217517781668061,0.09598474421843872,0.08924101872189949,-0.35892136699392885,-0.3589213669939274,0.1670934525570177,0.16541400681827476,0.1665143636899873,0.1659153200700256
LT-CG-1,1.2,0.55,0.30250000000000005,4,2,20260212,0.0,0.4284824743646949,0.6872455421412269,1.4780071650841098,1.918551582773322,0.09217517781668089,0.13865578642165924,2.8204425010780465e-09,6.785842908309594e-05,1.253105203814081e-06,6.660532387928186e-05,3.2457824831356033e-09,7.809189622636864e-05,1.4420811512666765e-06,0.43144143871280005,0.2579982537433822,0.18913047771083288,0.07322399644983942,0.0482058333831456,0.4314414374343135,0.25799825297885876,0.18913047715038422,0.07322399623285544,0.04820583620358799,0.43141067897576924,0.2579798596863277,0.18911699360097023,0.0732187759247043,0.0482736918122287,0.43144087068923864,0.2579979140701993,0.18913022870701016,0.07322390004520256,0.04820708648834932,0.0,-1.5543122344752192e-15,1.1102230246251565e-16,-6.661338147750939e-16,0.09217512659033877,0.0,0.0,0.0,0.0,0.09217517781668083,0.0,0.0,0.0,-2.220446049250313e-16,0.0934067839461259,0.0,0.0,0.0,0.0,0.09219788585858502,1.0000000000000002,1.0,1.0,0.9999999999999999,0.09217512659033877,0.09217517781668083,0.0934067839461259,0.09219788585858502,-0.4472279291684447,-0.4472279172748502,0.221238296192227,0.22011531023130665,0.22263851961788297,0.22122042676003412
LT-CG-1,1.2,0.55,0.30250000000000005,6,2,20260212,0.0,0.4284824743646949,0.6872455421412269,1.4780071650841098,1.918551582773322,0.09217517781668089,0.13865578642165924,4.184499968751254e-14,6.785560868243987e-05,1.2502848031580027e-06,6.660532387928186e-05,4.8156582083663764e-14,7.808865049204039e-05,1.4388354169384346e-06,0.4314414374343327,0.2579982529788698,0.18913047715039266,0.07322399623285865,0.048205836203546196,0.4314414374343135,0.25799825297885876,0.18913047715038422,0.07322399623285544,0.04820583620358799,0.43141067897576924,0.2579798596863277,0.18911699360097023,0.0732187759247043,0.0482736918122287,0.43144087068923864,0.2579979140701993,0.18913022870701016,0.07322390004520256,0.04820708648834932,0.0,-1.4988010832439613e-15,1.1102230246251565e-16,-8.881784197001252e-16,0.09217517781592144,0.0,0.0,0.0,0.0,0.09217517781668083,0.0,0.0,0.0,-2.220446049250313e-16,0.0934067839461259,0.0,0.0,0.0,0.0,0.09219788585858502,1.0,1.0,1.0,0.9999999999999999,0.09217517781592144,0.09217517781668083,0.0934067839461259,0.09219788585858502,-0.44722791727502625,-0.4472279172748502,0.221238296192227,0.22011531023130665,0.22263851961788297,0.22122042676003412
LT-CG-1,1.2,0.55,0.30250000000000005,8,2,20260212,0.0,0.4284824743646949,0.6872455421412269,1.4780071650841098,1.918551582773322,0.09217517781668089,0.13865578642165924,4.961309141293668e-16,6.785560864086895e-05,1.2502847615870893e-06,6.660532387928186e-05,5.180059743880871e-16,7.808865044417147e-05,1.4388353690695126e-06,0.4314414374343139,0.25799825297885853,0.18913047715038442,0.07322399623285546,0.048205836203587815,0.4314414374343135,0.25799825297885876,0.18913047715038422,0.07322399623285544,0.04820583620358799,0.43141067897576924,0.2579798596863277,0.18911699360097023,0.0732187759247043,0.0482736918122287,0.43144087068923864,0.2579979140701993,0.18913022870701016,0.07322390004520256,0.04820708648834932,0.0,-1.5543122344752192e-15,1.1102230246251565e-16,-6.661338147750939e-16,0.09217517781667706,0.0,0.0,0.0,0.0,0.09217517781668083,0.0,0.0,0.0,-2.220446049250313e-16,0.0934067839461259,0.0,0.0,0.0,0.0,0.09219788585858502,1.0,1.0,1.0,0.9999999999999999,0.09217517781667706,0.09217517781668083,0.0934067839461259,0.09219788585858502,-0.4472279172748513,-0.4472279172748502,0.221238296192227,0.22011531023130665,0.22263851961788297,0.22122042676003412
LT-CG-1,1.6,0.55,0.30250000000000005,4,2,20260212,0.0,0.4284824743646949,0.6872455421412269,1.4780071650841098,1.918551582773322,0.09217517781668089,0.13865578642165924,1.6008872456840795e-09,1.4297733015158909e-05,4.08128159147883e-05,5.511054892994721e-05,1.872729682545845e-09,1.6725592770057682e-05,4.774313089094659e-05,0.5038822410315629,0.25385687730785933,0.1677961289935049,0.047348310026160655,0.027116442640912067,0.5038822402024208,0.2538568768901359,0.16779612871739524,0.04734830994824864,0.02711644424179938,0.5038748358557853,0.2538531465655435,0.16779366302084553,0.04734761418389838,0.027130740373927303,0.5039033790732025,0.2538675266953671,0.16780316810159976,0.04735029630483332,0.027075629824997397,0.0,0.0,-6.661338147750939e-16,0.0,0.09217513988979453,0.0,0.0,-1.1102230246251565e-16,0.0,0.09217517781668083,0.0,-1.6653345369377348e-16,-2.220446049250313e-16,0.0,0.09251378307701108,0.0,0.0,-2.220446049250313e-16,0.0,0.0912075286145817,0.9999999999999998,0.9999999999999999,0.9999999999999999,1.0,0.09217513988979453,0.09217517781668083,0.09251378307701108,0.0912075286145817,-0.5404259868045515,-0.5404259778076906,0.2974969337698836,0.29334525109101095,0.298314218998827,0.29496056901337886
LT-CG-1,1.6,0.55,0.30250000000000005,6,2,20260212,0.0,0.4284824743646949,0.6872455421412269,1.4780071650841098,1.918551582773322,0.09217517781668089,0.13865578642165924,1.5681900222830336e-14,1.4296132143595125e-05,4.081441678635209e-05,5.511054892994721e-05,1.827724411852943e-14,1.6723720058646046e-05,4.774500360235822e-05,0.5038822402024288,0.2538568768901399,0.16779612871739838,0.047348309948249255,0.02711644424178376,0.5038822402024208,0.2538568768901359,0.16779612871739524,0.04734830994824864,0.02711644424179938,0.5038748358557853,0.2538531465655435,0.16779366302084553,0.04734761418389838,0.027130740373927303,0.5039033790732025,0.2538675266953671,0.16780316810159976,0.04735029630483332,0.027075629824997397,0.0,0.0,1.7763568394002505e-15,-1.9984014443252818e-15,0.0921751778163109,0.0,0.0,-1.1102230246251565e-16,0.0,0.09217517781668083,0.0,-1.6653345369377348e-16,-2.220446049250313e-16,0.0,0.09251378307701108,0.0,0.0,-2.220446049250313e-16,0.0,0.0912075286145817,1.0,0.9999999999999999,0.9999999999999999,1.0,0.0921751778163109,0.09217517781668083,0.09251378307701108,0.0912075286145817,-0.5404259778077785,-0.5404259778076906,0.2974969337698836,0.29334525109101095,0.298314218998827,0.29496056901337886
LT-CG-1,1.6,0.55,0.30250000000000005,8,2,20260212,0.0,0.4284824743646949,0.6872455421412269,1.4780071650841098,1.918551582773322,0.09217517781668089,0.13865578642165924,1.6132928326584306e-15,1.4296132128083228e-05,4.0814416801863984e-05,5.511054892994721e-05,2.029825134901089e-15,1.672372004093842e-05,4.774500362006585e-05,0.5038822402024223,0.25385687689013464,0.16779612871739508,0.04734830994824865,0.027116444241799164,0.5038822402024208,0.2538568768901359,0.16779612871739524,0.04734830994824864,0.02711644424179938,0.5038748358557853,0.2538531465655435,0.16779366302084553,0.04734761418389838,0.027130740373927303,0.5039033790732025,0.2538675266953671,0.16780316810159976,0.04735029630483332,0.027075629824997397,0.0,-4.9960036108132044e-15,-2.55351295663786e-15,-1.9984014443252818e-15,0.09217517781667395,0.0,0.0,-1.1102230246251565e-16,0.0,0.09217517781668083,0.0,-1.6653345369377348e-16,-2.220446049250313e-16,0.0,0.09251378307701108,0.0,0.0,-2.220446049250313e-16,0.0,0.0912075286145817,0.9999999999999998,0.9999999999999999,0.9999999999999999,1.0,0.09217517781667395,0.09217517781668083,0.09251378307701108,0.0912075286145817,-0.5404259778076927,-0.5404259778076906,0.2974969337698836,0.29334525109101095,0.298314218998827,0.29496056901337886
LT-CG-1,2.1,0.55,0.30250000000000005,4,2,20260212,0.0,0.4284824743646949,0.6872455421412269,1.4780071650841098,1.918551582773322,0.09217517781668089,0.13865578642165924,9.687352725551435e-10,7.583688269382875e-05,4.046564539048666e-05,3.5371237303342094e-05,1.1582090227231403e-09,9.066969689995007e-05,4.838025604563377e-05,0.585040527825801,0.2379041655922309,0.13816732969735998,0.026255252821126635,0.012632724063481674,0.585040527251799,0.23790416535881725,0.13816732956180008,0.026255252795366803,0.012632725032216885,0.5849955925206085,0.2378858928473902,0.13815671745627242,0.026253236229553424,0.012708560946175408,0.5850165508892381,0.23789441547610365,0.1381616671335864,0.026254176792199796,0.012673189708872122,0.0,-3.4416913763379853e-15,-1.6653345369377348e-15,-4.440892098500626e-16,0.09217514083300715,0.0,5.551115123125783e-17,0.0,0.0,0.09217517781668083,0.0,5.551115123125783e-17,0.0,0.0,0.0950618416148108,0.0,-5.551115123125783e-17,-1.1102230246251565e-16,0.0,0.09371757161586558,1.0000000000000002,1.0,1.0,1.0000000000000002,0.09217514083300715,0.09217517781668083,0.0950618416148108,0.09371757161586558,-0.6252521163495791,-0.6252521078820233,0.3970976741973219,0.38931992851244607,0.3946899099551658,0.38713574683005975
LT-CG-1,2.1,0.55,0.30250000000000005,6,2,20260212,0.0,0.4284824743646949,0.6872455421412269,1.4780071650841098,1.918551582773322,0.09217517781668089,0.13865578642165924,9.26342336171615e-15,7.583591396781962e-05,4.0464676664477527e-05,3.5371237303342094e-05,1.1221879908493663e-14,9.066853870213826e-05,4.837909784782195e-05,0.5850405272518048,0.2379041653588196,0.13816732956180097,0.026255252795367025,0.0126327250322076,0.585040527251799,0.23790416535881725,0.13816732956180008,0.026255252795366803,0.012632725032216885,0.5849955925206085,0.2378858928473902,0.13815671745627242,0.026253236229553424,0.012708560946175408,0.5850165508892381,0.23789441547610365,0.1381616671335864,0.026254176792199796,0.012673189708872122,0.0,1.1102230246251565e-16,-1.6653345369377348e-15,-4.440892098500626e-16,0.09217517781632623,0.0,5.551115123125783e-17,0.0,0.0,0.09217517781668083,0.0,5.551115123125783e-17,0.0,0.0,0.0950618416148108,0.0,-5.551115123125783e-17,-1.1102230246251565e-16,0.0,0.09371757161586558,1.0,1.0,1.0,1.0000000000000002,0.09217517781632623,0.09217517781668083,0.0950618416148108,0.09371757161586558,-0.6252521078821051,-0.6252521078820233,0.3970976741973219,0.38931992851244607,0.3946899099551658,0.38713574683005975
LT-CG-1,2.1,0.55,0.30250000000000005,8,2,20260212,0.0,0.4284824743646949,0.6872455421412269,1.4780071650841098,1.918551582773322,0.09217517781668089,0.13865578642165924,6.453171330633722e-16,7.583591395879559e-05,4.0464676655453495e-05,3.5371237303342094e-05,6.68532809755335e-16,9.066853869134674e-05,4.837909783703046e-05,0.5850405272517994,0.23790416535881745,0.1381673295617997,0.026255252795366786,0.012632725032216638,0.585040527251799,0.23790416535881725,0.13816732956180008,0.026255252795366803,0.012632725032216885,0.5849955925206085,0.2378858928473902,0.13815671745627242,0.026253236229553424,0.012708560946175408,0.5850165508892381,0.23789441547610365,0.1381616671335864,0.026254176792199796,0.012673189708872122,0.0,1.1102230246251565e-16,-1.7763568394002505e-15,-4.440892098500626e-16,0.09217517781667106,0.0,5.551115123125783e-17,0.0,0.0,0.09217517781668083,0.0,5.551115123125783e-17,0.0,0.0,0.0950618416148108,0.0,-5.551115123125783e-17,-1.1102230246251565e-16,0.0,0.09371757161586558,1.0,1.0,1.0,1.0000000000000002,0.09217517781667106,0.09217517781668083,0.0950618416148108,0.09371757161586558,-0.6252521078820262,-0.6252521078820233,0.3970976741973219,0.38931992851244607,0.3946899099551658,0.38713574683005975
LT-CG-1,0.45,0.85,0.7224999999999999,4,2,20260212,0.0,0.4284824743646949,0.6872455421412269,1.4780071650841098,1.918551582773322,0.22015393709934522,0.33116960558561576,1.1275933768817303e-05,0.00025272126229602954,9.307067725611295e-05,0.00015965058503991658,1.2672179009525529e-05,0.000284014534051282,0.0001045951764983715,0.28260830704104095,0.23304807235475822,0.20743154277600345,0.14532296938691885,0.13158910844127863,0.2826046374963775,0.2330450463279612,0.20742884936858463,0.14532108243202926,0.13160038437504737,0.28269055051447606,0.2331158930184484,0.20749190862567202,0.145365260662421,0.13133638717898258,0.282638595176289,0.23307304894376496,0.20745377395062148,0.1453385441653021,0.13149603776402244,0.0,-2.3869795029440866e-15,-8.881784197001252e-16,6.661338147750939e-16,0.2199346672041036,0.0,-5.551115123125783e-17,1.1102230246251565e-16,-2.220446049250313e-16,0.22015393709934528,0.0,-5.551115123125783e-17,1.1102230246251565e-16,-2.220446049250313e-16,0.21501610431201224,0.0,2.7755575615628914e-16,1.1102230246251565e-16,-2.220446049250313e-16,0.2181242214785788,1.0,1.0,1.0,1.0,0.2199346672041036,0.22015393709934528,0.21501610431201224,0.2181242214785788,-0.1777491261628821,-0.17772091125902967,0.19698828675433783,0.19524287825038472,0.19831761821581886,0.1981385433894107
LT-CG-1,0.45,0.85,0.7224999999999999,6,2,20260212,0.0,0.4284824743646949,0.6872455421412269,1.4780071650841098,1.918551582773322,0.22015393709934522,0.33116960558561576,7.062996333628835e-08,0.00026392656610151055,0.00010427598106159397,0.00015965058503991658,7.937573572867791e-08,0.00029660733732507884,0.00011718797977216835,0.28260466048159644,0.23304506528232574,0.2074288662394949,0.1453210942514988,0.13160031374508402,0.2826046374963775,0.2330450463279612,0.20742884936858463,0.14532108243202926,0.13160038437504737,0.28269055051447606,0.2331158930184484,0.20749190862567202,0.145365260662421,0.13133638717898258,0.282638595176289,0.23307304894376496,0.20745377395062148,0.1453385441653021,0.13149603776402244,0.0,-3.2751579226442118e-15,-1.2212453270876722e-15,-2.220446049250313e-16,0.2201525636906707,0.0,-5.551115123125783e-17,1.1102230246251565e-16,-2.220446049250313e-16,0.22015393709934528,0.0,-5.551115123125783e-17,1.1102230246251565e-16,-2.220446049250313e-16,0.21501610431201224,0.0,2.7755575615628914e-16,1.1102230246251565e-16,-2.220446049250313e-16,0.2181242214785788,1.0,1.0,1.0,1.0,0.2201525636906707,0.22015393709934528,0.21501610431201224,0.2181242214785788,-0.177721087972184,-0.17772091125902967,0.19698828675433783,0.19524287825038472,0.19831761821581886,0.1981385433894107
LT-CG-1,0.45,0.85,0.7224999999999999,8,2,20260212,0.0,0.4284824743646949,0.6872455421412269,1.4780071650841098,1.918551582773322,0.22015393709934522,0.33116960558561576,3.836976569804307e-10,0.00026399681236718986,0.00010434622732727328,0.00015965058503991658,4.31209080255924e-10,0.00029668628185172723,0.00011726692429881678,0.28260463762124505,0.23304504643093077,0.20742884946023604,0.14532108249623846,0.1316003839913498,0.2826046374963775,0.2330450463279612,0.20742884936858463,0.14532108243202926,0.13160038437504737,0.28269055051447606,0.2331158930184484,0.20749190862567202,0.145365260662421,0.13133638717898258,0.282638595176289,0.23307304894376496,0.20745377395062148,0.1453385441653021,0.13149603776402244,0.0,-2.9976021664879227e-15,-8.881784197001252e-16,-4.440892098500626e-15,0.2201539296382964,0.0,-5.551115123125783e-17,1.1102230246251565e-16,-2.220446049250313e-16,0.22015393709934528,0.0,-5.551115123125783e-17,1.1102230246251565e-16,-2.220446049250313e-16,0.21501610431201224,0.0,2.7755575615628914e-16,1.1102230246251565e-16,-2.220446049250313e-16,0.2181242214785788,1.0000000000000002,1.0,1.0,1.0,0.2201539296382964,0.22015393709934528,0.21501610431201224,0.2181242214785788,-0.1777209122190243,-0.17772091125902967,0.19698828675433783,0.19524287825038472,0.19831761821581886,0.1981385433894107
LT-CG-1,0.65,0.85,0.7224999999999999,4,2,20260212,0.0,0.4284824743646949,0.6872455421412269,1.4780071650841098,1.918551582773322,0.22015393709934522,0.33116960558561576,1.029949003153452e-06,7.337302674932655e-05,8.294391437780463e-05,9.570887628478075e-06,1.163234999787124e-06,8.286825123664045e-05,9.367771018484944e-05,0.3214593493911978,0.24331514275619504,0.2056470794107672,0.12299779617259134,0.10658063226924852,0.3214589788074065,0.24331486225837112,0.20564684233732522,0.12299765437864542,0.10658166221825169,0.32143294919629084,0.2432951602383288,0.20563019042312747,0.12298769484625503,0.10665400529599794,0.3214295055152814,0.24329255368873548,0.20562798739825552,0.12298637721410127,0.1066635761836264,0.0,-2.0539125955565396e-15,1.3322676295501878e-15,-1.1102230246251565e-15,0.2201372965805637,0.0,0.0,0.0,0.0,0.22015393709934528,0.0,0.0,0.0,0.0,0.2213224042471691,0.0,0.0,0.0,0.0,0.2214769385286366,0.9999999999999999,1.0,1.0000000000000002,1.0,0.2201372965805637,0.22015393709934528,0.2213224042471691,0.2214769385286366,-0.25003388804837867,-0.2500310769272089,0.29071564799763844,0.2829409109897102,0.2867395495135837,0.2862001182291488
LT-CG-1,0.65,0.85,0.7224999999999999,6,2,20260212,0.0,0.4284824743646949,0.6872455421412269,1.4780071650841098,1.918551582773322,0.22015393709934522,0.33116960558561576,9.167240785923347e-10,7.23439944702517e-05,8.191488209872977e-05,9.570887628478075e-06,1.0353575667125443e-09,8.170605159442004e-05,9.251551054262902e-05,0.32145897913725086,0.24331486250803316,0.20564684254833668,0.12299765450485164,0.10658166130152763,0.3214589788074065,0.24331486225837112,0.20564684233732522,0.12299765437864542,0.10658166221825169,0.32143294919629084,0.2432951602383288,0.20563019042312747,0.12298769484625503,0.10665400529599794,0.3214295055152814,0.24329255368873548,0.20562798739825552,0.12298637721410127,0.1066635761836264,0.0,1.3877787807814457e-15,1.887379141862766e-15,1.7763568394002505e-15,0.2201539222882256,0.0,0.0,0.0,0.0,0.22015393709934528,0.0,0.0,0.0,0.0,0.2213224042471691,0.0,0.0,0.0,0.0,0.2214769385286366,1.0,1.0,1.0000000000000002,1.0,0.2201539222882256,0.22015393709934528,0.2213224042471691,0.2214769385286366,-0.25003107942927516,-0.2500310769272089,0.29071564799763844,0.2829409109897102,0.2867395495135837,0.2862001182291488
LT-CG-1,0.65,0.85,0.7224999999999999,8,2,20260212,0.0,0.4284824743646949,0.6872455421412269,1.4780071650841098,1.918551582773322,0.22015393709934522,0.33116960558561576,6.43915476494783e-13,7.234307839008858e-05,8.191396601856665e-05,9.570887628478075e-06,7.272100154602441e-13,8.17050169640633e-05,9.25144759122723e-05,0.32145897880763796,0.24331486225854657,0.20564684233747352,0.12299765437873413,0.10658166221760779,0.3214589788074065,0.24331486225837112,0.20564684233732522,0.12299765437864542,0.10658166221825169,0.32143294919629084,0.2432951602383288,0.20563019042312747,0.12298769484625503,0.10665400529599794,0.3214295055152814,0.24329255368873548,0.20562798739825552,0.12298637721410127,0.1066635761836264,0.0,1.6653345369377348e-15,1.6653345369377348e-15,1.7763568394002505e-15,0.22015393708894315,0.0,0.0,0.0,0.0,0.22015393709934528,0.0,0.0,0.0,0.0,0.2213224042471691,0.0,0.0,0.0,0.0,0.2214769385286366,1.0,1.0,1.0000000000000002,1.0,0.22015393708894315,0.22015393709934528,0.2213224042471691,0.2214769385286366,-0.25003107692896587,-0.2500310769272089,0.29071564799763844,0.2829409109897102,0.2867395495135837,0.2862001182291488
LT-CG-1,0.9,0.85,0.7224999999999999,4,2,20260212,0.0,0.4284824743646949,0.6872455421412269,1.4780071650841098,1.918551582773322,0.22015393709934522,0.33116960558561576,1.7797085158366421e-07,4.068771023329337e-05,0.0004948478113845078,0.0005355355216178012,2.0257252029733395e-07,4.6312145696456425e-05,0.0005632527317709007,0.37036623163140453,0.25185615332330946,0.1995313453201298,0.09793322635756473,0.08031304336759154,0.37036615996093736,0.2518561045860153,0.1995313067083356,0.09793320740626862,0.08031322133844308,0.3703498463235513,0.25184501099916035,0.19952251788868444,0.09792889371077917,0.08035373107782484,0.37056551130783316,0.25199166733202444,0.1996387053830536,0.09798592042088188,0.07981819555620706,0.0,-2.3314683517128287e-15,-6.661338147750939e-16,8.881784197001252e-16,0.22015125990549045,0.0,5.551115123125783e-17,-1.1102230246251565e-16,-2.220446049250313e-16,0.22015393709934528,0.0,2.220446049250313e-16,1.1102230246251565e-16,2.220446049250313e-16,0.22076317934415535,0.0,5.551115123125783e-17,-1.1102230246251565e-16,2.220446049250313e-16,0.2126862996655765,1.0,0.9999999999999999,1.0,1.0,0.22015125990549045,0.22015393709934528,0.22076317934415535,0.2126862996655765,-0.33223441650062574,-0.3322338692391773,0.40003968922277244,0.39170302727983913,0.39770786038352324,0.3962770867788214
LT-CG-1,0.9,0.85,0.7224999999999999,6,2,20260212,0.0,0.4284824743646949,0.6872455421412269,1.4780071650841098,1.918551582773322,0.22015393709934522,0.33116960558561576,2.782969688031045e-11,4.050976721140659e-05,0.0004950257544063946,0.0005355355216178012,3.1676702026511413e-11,4.610960485286111e-05,0.0005634552726144961,0.3703661599721449,0.25185610459363605,0.19953130671437344,0.09793320740923224,0.08031322131061341,0.37036615996093736,0.2518561045860153,0.1995313067083356,0.09793320740626862,0.08031322133844308,0.3703498463235513,0.25184501099916035,0.19952251788868444,0.09792889371077917,0.08035373107782484,0.37056551130783316,0.25199166733202444,0.1996387053830536,0.09798592042088188,0.07981819555620706,0.0,-2.6645352591003757e-15,-7.771561172376096e-16,8.881784197001252e-16,0.2201539366807066,0.0,5.551115123125783e-17,-1.1102230246251565e-16,-2.220446049250313e-16,0.22015393709934528,0.0,2.220446049250313e-16,1.1102230246251565e-16,2.220446049250313e-16,0.22076317934415535,0.0,5.551115123125783e-17,-1.1102230246251565e-16,2.220446049250313e-16,0.2126862996655765,1.0,0.9999999999999999,1.0,1.0,0.2201539366807066,0.22015393709934528,0.22076317934415535,0.2126862996655765,-0.3322338693247531,-0.3322338692391773,0.40003968922277244,0.39170302727983913,0.39770786038352324,0.3962770867788214
LT-CG-1,0.9,0.85,0.7224999999999999,8,2,20260212,0.0,0.4284824743646949,0.6872455421412269,1.4780071650841098,1.918551582773322,0.22015393709934522,0.33116960558561576,2.942091015256665e-15,4.05097393846518e-05,0.0004950257822331494,0.0005355355216178012,3.4906429760375502e-15,4.610957317959785e-05,0.0005634553042877593,0.37036615996093897,0.2518561045860158,0.19953130670833638,0.09793320740626867,0.08031322133844013,0.37036615996093736,0.2518561045860153,0.1995313067083356,0.09793320740626862,0.08031322133844308,0.3703498463235513,0.25184501099916035,0.19952251788868444,0.09792889371077917,0.08035373107782484,0.37056551130783316,0.25199166733202444,0.1996387053830536,0.09798592042088188,0.07981819555620706,0.0,-2.4980018054066022e-15,-7.771561172376096e-16,-4.440892098500626e-15,0.2201539370992993,0.0,5.551115123125783e-17,-1.1102230246251565e-16,-2.220446049250313e-16,0.22015393709934528,0.0,2.220446049250313e-16,1.1102230246251565e-16,2.220446049250313e-16,0.22076317934415535,0.0,5.551115123125783e-17,-1.1102230246251565e-16,2.220446049250313e-16,0.2126862996655765,1.0,0.9999999999999999,1.0,1.0,0.2201539370992993,0.22015393709934528,0.22076317934415535,0.2126862996655765,-0.33223386923918713,-0.3322338692391773,0.40003968922277244,0.39170302727983913,0.39770786038352324,0.3962770867788214
LT-CG-1,1.2,0.85,0.7224999999999999,4,2,20260212,0.0,0.4284824743646949,0.6872455421412269,1.4780071650841098,1.918551582773322,0.22015393709934522,0.33116960558561576,8.523185083750273e-08,3.558476812839939e-05,8.718962026874749e-05,5.16048521403481e-05,9.808533653029682e-08,4.0951169330978785e-05,0.00010033834956161034,0.42801652599201556,0.25595018551928633,0.187629102736439,0.0726427222040091,0.05576146354824999,0.4280164873570314,0.25595016241589996,0.1876290858000663,0.07264271564690152,0.05576154878010084,0.4280326563110445,0.2559598313107393,0.1876361737654822,0.07264545983261252,0.055725878780121675,0.4280560484187426,0.2559738195890917,0.1876464281363113,0.07264942992787307,0.055674273927981195,0.0,-1.5543122344752192e-15,0.0,-6.661338147750939e-16,0.22015258812255878,0.0,0.0,0.0,0.0,0.22015393709934528,0.0,0.0,0.0,0.0,0.21958921329680003,0.0,0.0,-1.1102230246251565e-16,-2.220446049250313e-16,0.21877160822609065,1.0,1.0,1.0,0.9999999999999998,0.22015258812255878,0.22015393709934528,0.21958921329680003,0.21877160822609065,-0.41773772447183344,-0.417737416370116,0.5320214895708917,0.5280612335924475,0.5317564642113072,0.5283694490384285
LT-CG-1,1.2,0.85,0.7224999999999999,6,2,20260212,0.0,0.4284824743646949,0.6872455421412269,1.4780071650841098,1.918551582773322,0.22015393709934522,0.33116960558561576,5.608780800914204e-12,3.566999437045609e-05,8.72748465108042e-05,5.16048521403481e-05,6.454634221605092e-12,4.1049248212874875e-05,0.00010043642844350643,0.42801648735957404,0.25595016241742,0.18762908580118093,0.07264271564733299,0.05576154877449208,0.4280164873570314,0.25595016241589996,0.1876290858000663,0.07264271564690152,0.05576154878010084,0.4280326563110445,0.2559598313107393,0.1876361737654822,0.07264545983261252,0.055725878780121675,0.4280560484187426,0.2559738195890917,0.1876464281363113,0.07264942992787307,0.055674273927981195,0.0,-1.4988010832439613e-15,1.1102230246251565e-16,-8.881784197001252e-16,0.2201539370105745,0.0,0.0,0.0,0.0,0.22015393709934528,0.0,0.0,0.0,0.0,0.21958921329680003,0.0,0.0,-1.1102230246251565e-16,-2.220446049250313e-16,0.21877160822609065,1.0,1.0,1.0,0.9999999999999998,0.2201539370105745,0.22015393709934528,0.21958921329680003,0.21877160822609065,-0.4177374163903912,-0.417737416370116,0.5320214895708917,0.5280612335924475,0.5317564642113072,0.5283694490384285
LT-CG-1,1.2,0.85,0.7224999999999999,8,2,20260212,0.0,0.4284824743646949,0.6872455421412269,1.4780071650841098,1.918551582773322,0.22015393709934522,0.33116960558561576,4.544975507059235e-16,3.566999997900444e-05,8.727485211935254e-05,5.16048521403481e-05,4.727113514582965e-16,4.104925466725797e-05,0.00010043643489788951,0.42801648735703174,0.25595016241589974,0.1876290858000665,0.07264271564690152,0.05576154878010068,0.4280164873570314,0.25595016241589996,0.1876290858000663,0.07264271564690152,0.05576154878010084,0.4280326563110445,0.2559598313107393,0.1876361737654822,0.07264545983261252,0.055725878780121675,0.4280560484187426,0.2559738195890917,0.1876464281363113,0.07264942992787307,0.055674273927981195,0.0,-1.4988010832439613e-15,2.220446049250313e-16,-8.881784197001252e-16,0.2201539370993424,0.0,0.0,0.0,0.0,0.22015393709934528,0.0,0.0,0.0,0.0,0.21958921329680003,0.0,0.0,-1.1102230246251565e-16,-2.220446049250313e-16,0.21877160822609065,1.0000000000000002,1.0,1.0,0.9999999999999998,0.2201539370993424,0.22015393709934528,0.21958921329680003,0.21877160822609065,-0.4177374163701167,-0.417737416370116,0.5320214895708917,0.5280612335924475,0.5317564642113072,0.5283694490384285
LT-CG-1,1.6,0.85,0.7224999999999999,4,2,20260212,0.0,0.4284824743646949,0.6872455421412269,1.4780071650841098,1.918551582773322,0.22015393709934522,0.33116960558561576,6.06305885844649e-08,0.0001261497087268193,0.0002451093138326095,0.0003712590225594288,7.092610648200649e-08,0.0001475708529444756,0.00028673067002658967,0.5007964227380888,0.25230223590133327,0.1667685310306113,0.04705834489275033,0.033074465437216385,0.500796391335896,0.252302220080846,0.16676852057347297,0.04705834194198002,0.033074526067804935,0.5007310864525096,0.2522693193504383,0.16674677361407592,0.04705220543703301,0.0332006151459432,0.5009233713635614,0.2523661928718648,0.16681080576506474,0.04707027387612542,0.03282935612338381,0.0,0.0,-6.661338147750939e-16,0.0,0.22015275218882846,0.0,0.0,-1.1102230246251565e-16,0.0,0.22015393709934505,0.0,0.0,0.0,0.0,0.22261358330443004,0.0,0.0,-2.220446049250313e-16,0.0,0.2153453208097429,1.0,1.0,1.0,1.0000000000000002,0.22015275218882846,0.22015393709934505,0.22261358330443004,0.2153453208097429,-0.5099825822386689,-0.5099822997986813,0.7111243462493073,0.7037057141098344,0.7125025561211652,0.7044925987179047
LT-CG-1,1.6,0.85,0.7224999999999999,6,2,20260212,0.0,0.4284824743646949,0.6872455421412269,1.4780071650841098,1.918551582773322,0.22015393709934522,0.33116960558561576,3.2916135095373278e-12,0.00012608908142984834,0.00024516994112958046,0.0003712590225594288,3.850504013380771e-12,0.0001474999306884976,0.0002868015922825677,0.5007963913376007,0.25230222008170483,0.1667685205740411,0.047058341942140064,0.03307452606451333,0.500796391335896,0.252302220080846,0.16676852057347297,0.04705834194198002,0.033074526067804935,0.5007310864525096,0.2522693193504383,0.16674677361407592,0.04705220543703301,0.0332006151459432,0.5009233713635614,0.2523661928718648,0.16681080576506474,0.04707027387612542,0.03282935612338381,0.0,0.0,1.7763568394002505e-15,-1.7763568394002505e-15,0.2201539370350174,0.0,0.0,-1.1102230246251565e-16,0.0,0.22015393709934505,0.0,0.0,0.0,0.0,0.22261358330443004,0.0,0.0,-2.220446049250313e-16,0.0,0.2153453208097429,1.0,1.0,1.0,1.0000000000000002,0.2201539370350174,0.22015393709934505,0.22261358330443004,0.2153453208097429,-0.5099822998140148,-0.5099822997986813,0.7111243462493073,0.7037057141098344,0.7125025561211652,0.7044925987179047
LT-CG-1,1.6,0.85,0.7224999999999999,8,2,20260212,0.0,0.4284824743646949,0.6872455421412269,1.4780071650841098,1.918551582773322,0.22015393709934522,0.33116960558561576,1.547373340571312e-15,0.00012608907813833892,0.0002451699444210899,0.0003712590225594288,2.020374277363362e-15,0.0001474999268384498,0.00028680159613261543,0.5007963913358976,0.25230222008084474,0.1667685205734728,0.047058341941980025,0.033074526067804845,0.500796391335896,0.252302220080846,0.16676852057347297,0.04705834194198002,0.033074526067804935,0.5007310864525096,0.2522693193504383,0.16674677361407592,0.04705220543703301,0.0332006151459432,0.5009233713635614,0.2523661928718648,0.16681080576506474,0.04707027387612542,0.03282935612338381,0.0,-5.162537064506978e-15,-2.55351295663786e-15,-1.9984014443252818e-15,0.2201539370993415,0.0,0.0,-1.1102230246251565e-16,0.0,0.22015393709934505,0.0,0.0,0.0,0.0,0.22261358330443004,0.0,0.0,-2.220446049250313e-16,0.0,0.2153453208097429,1.0,1.0,1.0,1.0000000000000002,0.2201539370993415,0.22015393709934505,0.22261358330443004,0.2153453208097429,-0.5099822997986827,-0.5099822997986813,0.7111243462493073,0.7037057141098344,0.7125025561211652,0.7044925987179047
LT-CG-1,2.1,0.85,0.7224999999999999,4,2,20260212,0.0,0.4284824743646949,0.6872455421412269,1.4780071650841098,1.918551582773322,0.22015393709934522,0.33116960558561576,3.987637529033472e-08,0.00010658761944029246,0.00010899155846152628,0.00021557917790181874,4.767573193856381e-08,0.00012743492090713196,0.00013030904250355607,0.5827705941019994,0.2369811069957306,0.13763124601376767,0.02615338349589015,0.01646366939261216,0.5827705704742192,0.2369810973875991,0.13763124043366362,0.02615338243553058,0.016463709268987433,0.5827074381936985,0.23695542492252214,0.13761633066553242,0.026150549206194477,0.016570257012052492,0.58283517440605,0.23700736829322902,0.13764649775742918,0.02615628170914118,0.01635467783415072,0.0,-3.4416913763379853e-15,-1.6653345369377348e-15,-4.440892098500626e-16,0.22015276442123177,0.0,5.551115123125783e-17,-1.1102230246251565e-16,0.0,0.22015393709934528,0.0,5.551115123125783e-17,0.0,0.0,0.22327734605301552,0.0,5.551115123125783e-17,-1.1102230246251565e-16,0.0,0.21693707602305157,1.0,1.0,1.0,1.0000000000000002,0.22015276442123177,0.22015393709934528,0.22327734605301552,0.21693707602305157,-0.5956813237626349,-0.5956810503266915,0.9464792113913058,0.9157527535523794,0.9426891237772144,0.92464653581725
LT-CG-1,2.1,0.85,0.7224999999999999,6,2,20260212,0.0,0.4284824743646949,0.6872455421412269,1.4780071650841098,1.918551582773322,0.22015393709934522,0.33116960558561576,2.1308683983978227e-12,0.00010654774519587053,0.00010903143270594821,0.00021557917790181874,2.5477422258560195e-12,0.00012738724772293555,0.00013035671568775248,0.5827705704754821,0.23698109738811268,0.1376312404339614,0.026153382435587222,0.016463709266856596,0.5827705704742192,0.2369810973875991,0.13763124043366362,0.02615338243553058,0.016463709268987433,0.5827074381936985,0.23695542492252214,0.13761633066553242,0.026150549206194477,0.016570257012052492,0.58283517440605,0.23700736829322902,0.13764649775742918,0.02615628170914118,0.01635467783415072,0.0,1.1102230246251565e-16,-1.6653345369377348e-15,-4.440892098500626e-16,0.22015393703668162,0.0,5.551115123125783e-17,-1.1102230246251565e-16,0.0,0.22015393709934528,0.0,5.551115123125783e-17,0.0,0.0,0.22327734605301552,0.0,5.551115123125783e-17,-1.1102230246251565e-16,0.0,0.21693707602305157,1.0,1.0,1.0,1.0000000000000002,0.22015393703668162,0.22015393709934528,0.22327734605301552,0.21693707602305157,-0.5956810503413034,-0.5956810503266915,0.9464792113913058,0.9157527535523794,0.9426891237772144,0.92464653581725
LT-CG-1,2.1,0.85,0.7224999999999999,8,2,20260212,0.0,0.4284824743646949,0.6872455421412269,1.4780071650841098,1.918551582773322,0.22015393709934522,0.33116960558561576,8.552186736565659e-16,0.00010654774306554857,0.00010903143483627017,0.00021557917790181874,9.029164870137599e-16,0.00012738724517590908,0.00013035671823477895,0.5827705704742199,0.2369810973875994,0.13763124043366332,0.026153382435530576,0.016463709268987003,0.5827705704742192,0.2369810973875991,0.13763124043366362,0.02615338243553058,0.016463709268987433,0.5827074381936985,0.23695542492252214,0.13761633066553242,0.026150549206194477,0.016570257012052492,0.58283517440605,0.23700736829322902,0.13764649775742918,0.02615628170914118,0.01635467783415072,0.0,1.1102230246251565e-16,-1.6653345369377348e-15,-4.440892098500626e-16,0.22015393709933218,0.0,5.551115123125783e-17,-1.1102230246251565e-16,0.0,0.22015393709934528,0.0,5.551115123125783e-17,0.0,0.0,0.22327734605301552,0.0,5.551115123125783e-17,-1.1102230246251565e-16,0.0,0.21693707602305157,1.0000000000000002,1.0,1.0,1.0000000000000002,0.22015393709933218,0.22015393709934528,0.22327734605301552,0.21693707602305157,-0.5956810503266952,-0.5956810503266915,0.9464792113913058,0.9157527535523794,0.9426891237772144,0.92464653581725
LT-CG-1,0.45,1.15,1.3224999999999998,4,2,20260212,0.0,0.4284824743646949,0.6872455421412269,1.4780071650841098,1.918551582773322,0.40298073607458,0.6061893472484108,3.1666175591929524e-05,0.0003036977748783892,0.0003248614897481822,2.116371486979296e-05,3.558724748450197e-05,0.00034130322569949387,0.0003650875427091654,0.27946136942470834,0.23045300445677,0.20512172346598254,0.14370474972568845,0.1412591529268508,0.27945106425193633,0.23044450647355477,0.20511415957690574,0.14369945059516054,0.1412908191024427,0.2793625365855018,0.23037150365835574,0.20504918119527518,0.14365392785913816,0.14156285070172914,0.27935564924485673,0.23036582413153012,0.20504412595924695,0.14365038624776727,0.1415840144165989,0.0,-2.9976021664879227e-15,-8.881784197001252e-16,2.220446049250313e-16,0.4024006883643678,0.0,-5.551115123125783e-17,1.1102230246251565e-16,-2.220446049250313e-16,0.4029807360745803,0.0,-5.551115123125783e-17,1.1102230246251565e-16,-2.220446049250313e-16,0.40795922819395325,0.0,-5.551115123125783e-17,1.1102230246251565e-16,-2.220446049250313e-16,0.4083462135013962,1.0,1.0,1.0,1.0,0.4024006883643678,0.4029807360745803,0.40795922819395325,0.4083462135013962,-0.15569631077237822,-0.15563091758479686,0.3615805778204638,0.3632483293730723,0.36301044995213905,0.362682662467122
LT-CG-1,0.45,1.15,1.3224999999999998,6,2,20260212,0.0,0.4284824743646949,0.6872455421412269,1.4780071650841098,1.918551582773322,0.40298073607458,0.6061893472484108,2.4692752441379806e-07,0.0002722785268108735,0.00029344224168066646,2.116371486979296e-05,2.7750338522952056e-07,0.0003059934816002214,0.0003297777986098929,0.27945114460994475,0.2304445727394019,0.20511421855884365,0.1436994919168914,0.1412905721749182,0.27945106425193633,0.23044450647355477,0.20511415957690574,0.14369945059516054,0.1412908191024427,0.2793625365855018,0.23037150365835574,0.20504918119527518,0.14365392785913816,0.14156285070172914,0.27935564924485673,0.23036582413153012,0.20504412595924695,0.14365038624776727,0.1415840144165989,0.0,-3.2751579226442118e-15,-1.2212453270876722e-15,2.220446049250313e-16,0.4029762133800392,0.0,-5.551115123125783e-17,1.1102230246251565e-16,-2.220446049250313e-16,0.4029807360745803,0.0,-5.551115123125783e-17,1.1102230246251565e-16,-2.220446049250313e-16,0.40795922819395325,0.0,-5.551115123125783e-17,1.1102230246251565e-16,-2.220446049250313e-16,0.4083462135013962,0.9999999999999998,1.0,1.0,1.0,0.4029762133800392,0.4029807360745803,0.40795922819395325,0.4083462135013962,-0.15563142734312133,-0.15563091758479686,0.3615805778204638,0.3632483293730723,0.36301044995213905,0.362682662467122
LT-CG-1,0.45,1.15,1.3224999999999998,8,2,20260212,0.0,0.4284824743646949,0.6872455421412269,1.4780071650841098,1.918551582773322,0.40298073607458,0.6061893472484108,1.6257414858777963e-09,0.0002720332250279456,0.00029319693989773854,2.116371486979296e-05,1.8270493803167348e-09,0.0003057178052643722,0.0003295021222740437,0.2794510647810041,0.23044450690984108,0.20511415996523585,0.14369945086721775,0.14129081747670116,0.27945106425193633,0.23044450647355477,0.20511415957690574,0.14369945059516054,0.1412908191024427,0.2793625365855018,0.23037150365835574,0.20504918119527518,0.14365392785913816,0.14156285070172914,0.27935564924485673,0.23036582413153012,0.20504412595924695,0.14365038624776727,0.1415840144165989,0.0,-3.2751579226442118e-15,-8.881784197001252e-16,-3.9968028886505635e-15,0.40298070629771576,0.0,-5.551115123125783e-17,1.1102230246251565e-16,-2.220446049250313e-16,0.4029807360745803,0.0,-5.551115123125783e-17,1.1102230246251565e-16,-2.220446049250313e-16,0.40795922819395325,0.0,-5.551115123125783e-17,1.1102230246251565e-16,-2.220446049250313e-16,0.4083462135013962,1.0,1.0,1.0,1.0,0.40298070629771576,0.4029807360745803,0.40795922819395325,0.4083462135013962,-0.1556309209409777,-0.15563091758479686,0.3615805778204638,0.3632483293730723,0.36301044995213905,0.362682662467122
LT-CG-1,0.65,1.15,1.3224999999999998,4,2,20260212,0.0,0.4284824743646949,0.6872455421412269,1.4780071650841098,1.918551582773322,0.40298073607458,0.6061893472484108,4.908805776727976e-06,0.00027177030915691985,0.0001892370500391899,8.253325911772996e-05,5.544055743629963e-06,0.0003069401830021579,0.00021372627109270608,0.31719475322116586,0.24008723593726447,0.20291889076453767,0.12136606285553772,0.11843305722149425,0.317192986994052,0.24008589906589,0.20291776085667126,0.1213653870561157,0.11843796602727097,0.31709696811607313,0.24001322161212493,0.20285633473277082,0.12132864800838,0.11870482753065124,0.3171266642349814,0.24003569884112813,0.20287533222074214,0.12134001043161491,0.11862229427153351,0.0,-1.7763568394002505e-15,1.6653345369377348e-15,-8.881784197001252e-16,0.4029084047422897,0.0,0.0,0.0,0.0,0.40298073607458007,0.0,-2.220446049250313e-16,0.0,0.0,0.40690904522004256,0.0,0.0,0.0,0.0,0.40569493937274315,0.9999999999999999,1.0,1.0,1.0000000000000002,0.4029084047422897,0.40298073607458007,0.40690904522004256,0.40569493937274315,-0.22066523018261266,-0.22065423888052976,0.5282142104944575,0.5281418244628504,0.5248623587982207,0.5238749568969541
LT-CG-1,0.65,1.15,1.3224999999999998,6,2,20260212,0.0,0.4284824743646949,0.6872455421412269,1.4780071650841098,1.918551582773322,0.40298073607458,0.6061893472484108,6.820027195764133e-09,0.00026686832340738764,0.00018433506428965768,8.253325911772996e-05,7.702608868936498e-09,0.00030140382986739686,0.00020818991795794504,0.3171929894479515,0.2400859009232663,0.20291776242650375,0.12136538799503463,0.11843795920724375,0.317192986994052,0.24008589906589,0.20291776085667126,0.1213653870561157,0.11843796602727097,0.31709696811607313,0.24001322161212493,0.20285633473277082,0.12132864800838,0.11870482753065124,0.3171266642349814,0.24003569884112813,0.20287533222074214,0.12134001043161491,0.11862229427153351,0.0,1.3877787807814457e-15,1.6653345369377348e-15,1.7763568394002505e-15,0.4029806355831702,0.0,0.0,0.0,0.0,0.40298073607458007,0.0,-2.220446049250313e-16,0.0,0.0,0.40690904522004256,0.0,0.0,0.0,0.0,0.40569493937274315,1.0,1.0,1.0,1.0000000000000002,0.4029806355831702,0.40298073607458007,0.40690904522004256,0.40569493937274315,-0.22065425415060608,-0.22065423888052976,0.5282142104944575,0.5281418244628504,0.5248623587982207,0.5238749568969541
LT-CG-1,0.65,1.15,1.3224999999999998,8,2,20260212,0.0,0.4284824743646949,0.6872455421412269,1.4780071650841098,1.918551582773322,0.40298073607458,0.6061893472484108,7.0011080266496606e-12,0.0002668615103812999,0.00018432825126356994,8.253325911772996e-05,7.907091705589721e-12,0.00030139613516561964,0.00020818222325616782,0.3171929869965709,0.24008589906779676,0.20291776085828286,0.1213653870570796,0.11843796602026987,0.317192986994052,0.24008589906589,0.20291776085667126,0.1213653870561157,0.11843796602727097,0.31709696811607313,0.24001322161212493,0.20285633473277082,0.12132864800838,0.11870482753065124,0.3171266642349814,0.24003569884112813,0.20287533222074214,0.12134001043161491,0.11862229427153351,0.0,1.3877787807814457e-15,1.6653345369377348e-15,1.7763568394002505e-15,0.4029807359714215,0.0,0.0,0.0,0.0,0.40298073607458007,0.0,-2.220446049250313e-16,0.0,0.0,0.40690904522004256,0.0,0.0,0.0,0.0,0.40569493937274315,1.0,1.0,1.0,1.0000000000000002,0.4029807359714215,0.40298073607458007,0.40690904522004256,0.40569493937274315,-0.22065423889620506,-0.22065423888052976,0.5282142104944575,0.5281418244628504,0.5248623587982207,0.5238749568969541
LT-CG-1,0.9,1.15,1.3224999999999998,4,2,20260212,0.0,0.4284824743646949,0.6872455421412269,1.4780071650841098,1.918551582773322,0.40298073607458,0.6061893472484108,1.557260768940416e-06,0.0006558666325539725,6.32502969132448e-05,0.0007191169294672173,1.772527557020903e-06,0.000746529870324926,7.199365482091997e-05,0.36512201274894274,0.24828998372651753,0.19670607141715632,0.0965465360196727,0.09333539608771063,0.3651213856259867,0.24828955727085916,0.19670573356052584,0.09654637019414869,0.09333695334847965,0.3648578893410807,0.24811037473459205,0.19656377740004505,0.09647669580401759,0.09399126272026469,0.36514748421393217,0.24830730481209196,0.1967197939308268,0.0965532712523516,0.09327214579079739,0.0,-2.4980018054066022e-15,-6.661338147750939e-16,8.881784197001252e-16,0.4029602894064819,0.0,5.551115123125783e-17,-1.1102230246251565e-16,0.0,0.40298073607458007,0.0,5.551115123125783e-17,1.1102230246251565e-16,2.220446049250313e-16,0.41154479907128505,0.0,5.551115123125783e-17,-1.1102230246251565e-16,0.0,0.4021295609866278,1.0,1.0,1.0,0.9999999999999999,0.4029602894064819,0.40298073607458007,0.41154479907128505,0.4021295609866278,-0.2961372320361046,-0.2961333509718803,0.73579600995376,0.7256262475018666,0.7279842842314319,0.725365324934244
LT-CG-1,0.9,1.15,1.3224999999999998,6,2,20260212,0.0,0.4284824743646949,0.6872455421412269,1.4780071650841098,1.918551582773322,0.40298073607458,0.6061893472484108,5.498434901829441e-10,0.0006543099216285223,6.480700783869503e-05,0.0007191169294672173,6.258507283295005e-10,0.0007447579686186333,7.376555652721255e-05,0.3651213858474139,0.24828955742143333,0.19670573367981753,0.09654637025269913,0.09333695279863612,0.3651213856259867,0.24828955727085916,0.19670573356052584,0.09654637019414869,0.09333695334847965,0.3648578893410807,0.24811037473459205,0.19656377740004505,0.09647669580401759,0.09399126272026469,0.36514748421393217,0.24830730481209196,0.1967197939308268,0.0965532712523516,0.09327214579079739,0.0,-2.4980018054066022e-15,-7.771561172376096e-16,8.881784197001252e-16,0.4029807288552463,0.0,5.551115123125783e-17,-1.1102230246251565e-16,0.0,0.40298073607458007,0.0,5.551115123125783e-17,1.1102230246251565e-16,2.220446049250313e-16,0.41154479907128505,0.0,5.551115123125783e-17,-1.1102230246251565e-16,0.0,0.4021295609866278,1.0,1.0,1.0,0.9999999999999999,0.4029807288552463,0.40298073607458007,0.41154479907128505,0.4021295609866278,-0.29613335234220384,-0.2961333509718803,0.73579600995376,0.7256262475018666,0.7279842842314319,0.725365324934244
LT-CG-1,0.9,1.15,1.3224999999999998,8,2,20260212,0.0,0.4284824743646949,0.6872455421412269,1.4780071650841098,1.918551582773322,0.40298073607458,0.6061893472484108,1.1411704914365828e-13,0.0006543093718991491,6.480755756806816e-05,0.0007191169294672173,1.300167893884669e-13,0.0007447573428979205,7.376618224792534e-05,0.3651213856260331,0.2482895572708901,0.1967057335605507,0.09654637019416057,0.09333695334836546,0.3651213856259867,0.24828955727085916,0.19670573356052584,0.09654637019414869,0.09333695334847965,0.3648578893410807,0.24811037473459205,0.19656377740004505,0.09647669580401759,0.09399126272026469,0.36514748421393217,0.24830730481209196,0.1967197939308268,0.0965532712523516,0.09327214579079739,0.0,-2.4980018054066022e-15,-7.771561172376096e-16,-4.440892098500626e-15,0.4029807360730795,0.0,5.551115123125783e-17,-1.1102230246251565e-16,0.0,0.40298073607458007,0.0,5.551115123125783e-17,1.1102230246251565e-16,2.220446049250313e-16,0.41154479907128505,0.0,5.551115123125783e-17,-1.1102230246251565e-16,0.0,0.4021295609866278,1.0,1.0,1.0,0.9999999999999999,0.4029807360730795,0.40298073607458007,0.41154479907128505,0.4021295609866278,-0.29613335097216575,-0.2961333509718803,0.73579600995376,0.7256262475018666,0.7279842842314319,0.725365324934244
LT-CG-1,1.2,1.15,1.3224999999999998,4,2,20260212,0.0,0.4284824743646949,0.6872455421412269,1.4780071650841098,1.918551582773322,0.40298073607458,0.6061893472484108,1.0480281250058177e-06,0.00013592497867592757,0.0006954400902334026,0.0005595151115574751,1.206077191758897e-06,0.00015642329881122198,0.0008003167195580165,0.42224096680267864,0.2524964510108763,0.1850972776252827,0.07166249757181431,0.06850280698934805,0.42224049173907974,0.252496166926948,0.18509706937220974,0.07166241694428958,0.06850385501747315,0.42230258061626735,0.252533295539209,0.18512428720051585,0.0716729546333357,0.06836688201067215,0.42255620478541933,0.2526849606016646,0.18523546813022404,0.07171599958357734,0.06780736689911462,0.0,-1.4988010832439613e-15,0.0,-6.661338147750939e-16,0.4029670493762314,0.0,0.0,0.0,0.0,0.40298073607457985,0.0,0.0,0.0,0.0,0.4011902939924963,0.0,0.0,0.0,0.0,0.39384189806102343,1.0,1.0000000000000002,1.0,1.0,0.4029670493762314,0.40298073607457985,0.4011902939924963,0.39384189806102343,-0.3767268803432214,-0.37672387623397413,0.9714062733256673,0.9598503608217993,0.9733535279161992,0.967153766578992
LT-CG-1,1.2,1.15,1.3224999999999998,6,2,20260212,0.0,0.4284824743646949,0.6872455421412269,1.4780071650841098,1.918551582773322,0.40298073607458,0.6061893472484108,2.1168245628588878e-10,0.0001369727951184771,0.0006964879066759522,0.0005595151115574751,2.4360551473011803e-10,0.00015762913239746615,0.0008015225531442607,0.4222404918350341,0.2524961669843274,0.18509706941427312,0.07166241696057485,0.06850385480579067,0.42224049173907974,0.252496166926948,0.18509706937220974,0.07166241694428958,0.06850385501747315,0.42230258061626735,0.252533295539209,0.18512428720051585,0.0716729546333357,0.06836688201067215,0.42255620478541933,0.2526849606016646,0.18523546813022404,0.07171599958357734,0.06780736689911462,0.0,-1.5543122344752192e-15,-1.1102230246251565e-16,-8.881784197001252e-16,0.40298073331013673,0.0,0.0,0.0,0.0,0.40298073607457985,0.0,0.0,0.0,0.0,0.4011902939924963,0.0,0.0,0.0,0.0,0.39384189806102343,1.0,1.0000000000000002,1.0,1.0,0.40298073331013673,0.40298073607457985,0.4011902939924963,0.39384189806102343,-0.37672387684074393,-0.37672387623397413,0.9714062733256673,0.9598503608217993,0.9733535279161992,0.967153766578992
LT-CG-1,1.2,1.15,1.3224999999999998,8,2,20260212,0.0,0.4284824743646949,0.6872455421412269,1.4780071650841098,1.918551582773322,0.40298073607458,0.6061893472484108,2.135791543622645e-14,0.00013697300677957547,0.0006964881183370505,0.0005595151115574751,2.462857341721003e-14,0.00015762937597835498,0.0008015227967251495,0.4222404917390896,0.2524961669269535,0.18509706937221407,0.07166241694429121,0.06850385501745176,0.42224049173907974,0.252496166926948,0.18509706937220974,0.07166241694428958,0.06850385501747315,0.42230258061626735,0.252533295539209,0.18512428720051585,0.0716729546333357,0.06836688201067215,0.42255620478541933,0.2526849606016646,0.18523546813022404,0.07171599958357734,0.06780736689911462,0.0,-1.4988010832439613e-15,0.0,-8.881784197001252e-16,0.4029807360743003,0.0,0.0,0.0,0.0,0.40298073607457985,0.0,0.0,0.0,0.0,0.4011902939924963,0.0,0.0,0.0,0.0,0.39384189806102343,1.0,1.0000000000000002,1.0,1.0,0.4029807360743003,0.40298073607457985,0.4011902939924963,0.39384189806102343,-0.3767238762340354,-0.37672387623397413,0.9714062733256673,0.9598503608217993,0.9733535279161992,0.967153766578992
LT-CG-1,1.6,1.15,1.3224999999999998,4,2,20260212,0.0,0.4284824743646949,0.6872455421412269,1.4780071650841098,1.918551582773322,0.40298073607458,0.6061893472484108,8.555521706019031e-07,0.0005191036498341864,7.91364419101652e-05,0.0005982400917443516,1.0008311935770348e-06,0.0006072512504844084,9.257438918835788e-05,0.4952310192033723,0.24949837450826476,0.1649152147329375,0.04653538053615191,0.04382001101927368,0.4952305760901735,0.24949815126695207,0.16491506717330287,0.04653533889812737,0.04382086657144423,0.49496216163205486,0.2493629235279812,0.16482568337810105,0.046510116792755116,0.04433911466910781,0.49527200606906163,0.24951902377288904,0.16492886363111706,0.04653923194956882,0.04374087457736342,0.0,0.0,-6.661338147750939e-16,0.0,0.4029679743215262,0.0,0.0,-1.1102230246251565e-16,0.0,0.40298073607458007,0.0,0.0,-1.1102230246251565e-16,0.0,0.4106677819121092,0.0,0.0,-1.1102230246251565e-16,0.0,0.401786514713079,1.0,1.0,1.0,1.0,0.4029679743215262,0.40298073607458007,0.4106677819121092,0.401786514713079,-0.466428314707284,-0.46642528353289503,1.3071669880748618,1.2798692676916144,1.3042001805816483,1.2895383554386561
LT-CG-1,1.6,1.15,1.3224999999999998,6,2,20260212,0.0,0.4284824743646949,0.6872455421412269,1.4780071650841098,1.918551582773322,0.40298073607458,0.6061893472484108,1.5504161496315838e-10,0.0005182482527051994,7.999183903915214e-05,0.0005982400917443516,1.8136877375982366e-10,0.0006062506006596052,9.357503901316115e-05,0.49523057617047356,0.24949815130740735,0.16491506720004376,0.04653533890567279,0.043820866416402635,0.4952305760901735,0.24949815126695207,0.16491506717330287,0.04653533889812737,0.04382086657144423,0.49496216163205486,0.2493629235279812,0.16482568337810105,0.046510116792755116,0.04433911466910781,0.49527200606906163,0.24951902377288904,0.16492886363111706,0.04653923194956882,0.04374087457736342,0.0,-1.6653345369377348e-16,1.5543122344752192e-15,-1.7763568394002505e-15,0.4029807337619402,0.0,0.0,-1.1102230246251565e-16,0.0,0.40298073607458007,0.0,0.0,-1.1102230246251565e-16,0.0,0.4106677819121092,0.0,0.0,-1.1102230246251565e-16,0.0,0.401786514713079,1.0,1.0,1.0,1.0,0.4029807337619402,0.40298073607458007,0.4106677819121092,0.401786514713079,-0.46642528408219375,-0.46642528353289503,1.3071669880748618,1.2798692676916144,1.3042001805816483,1.2895383554386561
LT-CG-1,1.6,1.15,1.3224999999999998,8,2,20260212,0.0,0.4284824743646949,0.6872455421412269,1.4780071650841098,1.918551582773322,0.40298073607458,0.6061893472484108,1.3020834410681914e-14,0.0005182480976766053,7.999199406774626e-05,0.0005982400917443516,1.5690925863341515e-14,0.0006062504193064026,9.357522036636385e-05,0.49523057609018173,0.24949815126695418,0.16491506717330492,0.046535338898128005,0.04382086657143121,0.4952305760901735,0.24949815126695207,0.16491506717330287,0.04653533889812737,0.04382086657144423,0.49496216163205486,0.2493629235279812,0.16482568337810105,0.046510116792755116,0.04433911466910781,0.49527200606906163,0.24951902377288904,0.16492886363111706,0.04653923194956882,0.04374087457736342,0.0,-5.162537064506978e-15,-2.6645352591003757e-15,-1.7763568394002505e-15,0.4029807360743838,0.0,0.0,-1.1102230246251565e-16,0.0,0.40298073607458007,0.0,0.0,-1.1102230246251565e-16,0.0,0.4106677819121092,0.0,0.0,-1.1102230246251565e-16,0.0,0.401786514713079,1.0,1.0,1.0,1.0,0.4029807360743838,0.40298073607458007,0.4106677819121092,0.401786514713079,-0.46642528353294216,-0.46642528353289503,1.3071669880748618,1.2798692676916144,1.3042001805816483,1.2895383554386561
LT-CG-1,2.1,1.15,1.3224999999999998,4,2,20260212,0.0,0.4284824743646949,0.6872455421412269,1.4780071650841098,1.918551582773322,0.40298073607458,0.6061893472484108,6.239128614252826e-07,0.0005520831780662337,0.00021745721933927493,0.0003346259587269588,7.459429773003559e-07,0.0006600642410467628,0.00025998932795998205,0.5783145262978271,0.23516906656032052,0.13657886936604902,0.025953405577742467,0.023984132198061038,0.5783141566133946,0.23516891622976857,0.1365787820587461,0.02595338898716838,0.023984756110922423,0.5779874028030824,0.23503604322542254,0.13650161355623727,0.025938725039130632,0.024536215376127216,0.578185677297578,0.2351166706792957,0.1365484394702528,0.02594762313547331,0.024201589417400277,0.0,-3.4416913763379853e-15,-1.6653345369377348e-15,-4.440892098500626e-16,0.4029680444199317,0.0,5.551115123125783e-17,0.0,0.0,0.40298073607458007,0.0,5.551115123125783e-17,-1.1102230246251565e-16,0.0,0.4140745021833159,0.0,1.1102230246251565e-16,0.0,0.0,0.407372178642881,1.0000000000000002,1.0,1.0,1.0000000000000002,0.4029680444199317,0.40298073607458007,0.4140745021833159,0.407372178642881,-0.5525254259890665,-0.5525223954088649,1.7232688934918805,1.7026711479189198,1.725545143522998,1.6925190915132362
LT-CG-1,2.1,1.15,1.3224999999999998,6,2,20260212,0.0,0.4284824743646949,0.6872455421412269,1.4780071650841098,1.918551582773322,0.40298073607458,0.6061893472484108,1.1208335301549077e-10,0.0005514593772881615,0.00021683341856120267,0.0003346259587269588,1.3400566906932747e-10,0.0006593184320751314,0.00025924351898835076,0.5783141566798071,0.235168916256775,0.13657878207443008,0.02595338899014879,0.023984755998839077,0.5783141566133946,0.23516891622976857,0.1365787820587461,0.02595338898716838,0.023984756110922423,0.5779874028030824,0.23503604322542254,0.13650161355623727,0.025938725039130632,0.024536215376127216,0.578185677297578,0.2351166706792957,0.1365484394702528,0.02594762313547331,0.024201589417400277,0.0,1.6653345369377348e-16,-1.6653345369377348e-15,-4.440892098500626e-16,0.40298073379460586,0.0,5.551115123125783e-17,0.0,0.0,0.40298073607458007,0.0,5.551115123125783e-17,-1.1102230246251565e-16,0.0,0.4140745021833159,0.0,1.1102230246251565e-16,0.0,0.0,0.407372178642881,1.0,1.0,1.0,1.0000000000000002,0.40298073379460586,0.40298073607458007,0.4140745021833159,0.407372178642881,-0.5525223959532902,-0.5525223954088649,1.7232688934918805,1.7026711479189198,1.725545143522998,1.6925190915132362
LT-CG-1,2.1,1.15,1.3224999999999998,8,2,20260212,0.0,0.4284824743646949,0.6872455421412269,1.4780071650841098,1.918551582773322,0.40298073607458,0.6061893472484108,9.830677938360566e-15,0.0005514592652146391,0.00021683330648768033,0.0003346259587269588,1.1915144149832867e-14,0.0006593182980813665,0.00025924338499458584,0.5783141566134007,0.23516891622977107,0.13657878205874704,0.02595338898716862,0.02398475611091255,0.5783141566133946,0.23516891622976857,0.1365787820587461,0.02595338898716838,0.023984756110922423,0.5779874028030824,0.23503604322542254,0.13650161355623727,0.025938725039130632,0.024536215376127216,0.578185677297578,0.2351166706792957,0.1365484394702528,0.02594762313547331,0.024201589417400277,0.0,5.551115123125783e-17,-1.6653345369377348e-15,-4.440892098500626e-16,0.4029807360743791,0.0,5.551115123125783e-17,0.0,0.0,0.40298073607458007,0.0,5.551115123125783e-17,-1.1102230246251565e-16,0.0,0.4140745021833159,0.0,1.1102230246251565e-16,0.0,0.0,0.407372178642881,1.0,1.0,1.0,1.0000000000000002,0.4029807360743791,0.40298073607458007,0.4140745021833159,0.407372178642881,-0.5525223954089132,-0.5525223954088649,1.7232688934918805,1.7026711479189198,1.725545143522998,1.6925190915132362
LT-CG-1,0.45,1.45,2.1025,4,2,20260212,0.0,0.4284824743646949,0.6872455421412269,1.4780071650841098,1.918551582773322,0.6406555747423854,0.9637150114100446,8.036182014768689e-05,0.00054283244168149,0.00036241617073183574,0.0001804162709496543,9.031264206817139e-05,0.0006100488007673127,0.00040729244119744654,0.27509014136378046,0.2268483465325628,0.20191328776924858,0.1414569748873175,0.1546912494470905,0.2750639890916665,0.22682678051184818,0.20189409227493182,0.14144352685431516,0.1547716112672382,0.27491348655804065,0.2267026711899629,0.20178362498871308,0.14136613537451134,0.1552340818887721,0.27497219970568926,0.2267510879758127,0.20182671982525732,0.14139632687541828,0.15505366561782238,0.0,-2.6645352591003757e-15,-8.881784197001252e-16,2.220446049250313e-16,0.6392901618522677,0.0,-5.551115123125783e-17,-2.220446049250313e-16,-2.220446049250313e-16,0.6406555747423857,0.0,-5.551115123125783e-17,3.3306690738754696e-16,2.220446049250313e-16,0.6485020930008913,0.0,-2.7755575615628914e-16,1.1102230246251565e-16,-2.220446049250313e-16,0.6454433299084881,1.0,0.9999999999999998,1.0000000000000002,1.0,0.6392901618522677,0.6406555747423857,0.6485020930008913,0.6454433299084881,-0.13166980274959308,-0.13154755251733902,0.5784019768434389,0.575037934215202,0.5771111312093555,0.576590017268147
LT-CG-1,0.45,1.45,2.1025,6,2,20260212,0.0,0.4284824743646949,0.6872455421412269,1.4780071650841098,1.918551582773322,0.6406555747423854,0.9637150114100446,7.868534273591798e-07,0.0004632574749611623,0.00028284120401150803,0.0001804162709496543,8.842857442565697e-07,0.0005206204444433978,0.0003178640848735317,0.2750642451586013,0.22682699167303477,0.20189428022538478,0.14144365852916832,0.15477082441381096,0.2750639890916665,0.22682678051184818,0.20189409227493182,0.14144352685431516,0.1547716112672382,0.27491348655804065,0.2267026711899629,0.20178362498871308,0.14136613537451134,0.1552340818887721,0.27497219970568926,0.2267510879758127,0.20182671982525732,0.14139632687541828,0.15505366561782238,0.0,-2.9976021664879227e-15,-8.881784197001252e-16,2.220446049250313e-16,0.6406422082686396,0.0,-5.551115123125783e-17,-2.220446049250313e-16,-2.220446049250313e-16,0.6406555747423857,0.0,-5.551115123125783e-17,3.3306690738754696e-16,2.220446049250313e-16,0.6485020930008913,0.0,-2.7755575615628914e-16,1.1102230246251565e-16,-2.220446049250313e-16,0.6454433299084881,1.0,0.9999999999999998,1.0000000000000002,1.0,0.6406422082686396,0.6406555747423857,0.6485020930008913,0.6454433299084881,-0.13154874832542576,-0.13154755251733902,0.5784019768434389,0.575037934215202,0.5771111312093555,0.576590017268147
LT-CG-1,0.45,1.45,2.1025,8,2,20260212,0.0,0.4284824743646949,0.6872455421412269,1.4780071650841098,1.918551582773322,0.6406555747423854,0.9637150114100446,6.303486788095114e-09,0.00046247692502059123,0.00028206065407093694,0.0001804162709496543,7.0840175410461054e-09,0.0005197432427166823,0.0003169868831468162,0.27506399114302027,0.2268267822034614,0.20189409378060397,0.14144352790916292,0.1547716049637515,0.2750639890916665,0.22682678051184818,0.20189409227493182,0.14144352685431516,0.1547716112672382,0.27491348655804065,0.2267026711899629,0.20178362498871308,0.14136613537451134,0.1552340818887721,0.27497219970568926,0.2267510879758127,0.20182671982525732,0.14139632687541828,0.15505366561782238,0.0,-3.2751579226442118e-15,-8.881784197001252e-16,-4.440892098500626e-15,0.6406554676637164,0.0,-5.551115123125783e-17,-2.220446049250313e-16,-2.220446049250313e-16,0.6406555747423857,0.0,-5.551115123125783e-17,3.3306690738754696e-16,2.220446049250313e-16,0.6485020930008913,0.0,-2.7755575615628914e-16,1.1102230246251565e-16,-2.220446049250313e-16,0.6454433299084881,1.0,0.9999999999999998,1.0000000000000002,1.0,0.6406554676637164,0.6406555747423857,0.6485020930008913,0.6454433299084881,-0.13154756209687005,-0.13154755251733902,0.5784019768434389,0.575037934215202,0.5771111312093555,0.576590017268147
LT-CG-1,0.65,1.45,2.1025,4,2,20260212,0.0,0.4284824743646949,0.6872455421412269,1.4780071650841098,1.918551582773322,0.6406555747423854,0.9637150114100446,1.949462765740012e-05,0.00014475842123847643,0.0003617090086952615,0.00021695058745678508,2.201743302746894e-05,0.00016349165015066547,0.00040851787550609585,0.31104567585204584,0.23543295028428887,0.19898514360669253,0.11901328336311078,0.13552294689386213,0.3110386615309445,0.2354276410887615,0.1989806563374582,0.1190105995213164,0.1355424415215195,0.31099359062802784,0.235393526563245,0.1989518231441827,0.11899335434944394,0.13566770531510053,0.31091553009205464,0.23533444192162573,0.1989018855042586,0.1189634865795037,0.1358846559025573,0.0,-1.7763568394002505e-15,1.887379141862766e-15,-8.881784197001252e-16,0.6403995930274851,0.0,0.0,0.0,0.0,0.6406555747423857,0.0,0.0,2.220446049250313e-16,0.0,0.6422996590451178,0.0,0.0,0.0,0.0,0.6451441053124451,1.0,1.0,1.0,1.0,0.6403995930274851,0.6406555747423857,0.6422996590451178,0.6451441053124451,-0.18762547850687786,-0.18759338694380662,0.826218613131103,0.8322916505324692,0.8344220108682491,0.8328522471651011
LT-CG-1,0.65,1.45,2.1025,6,2,20260212,0.0,0.4284824743646949,0.6872455421412269,1.4780071650841098,1.918551582773322,0.6406555747423854,0.9637150114100446,4.1603570075099405e-08,0.0001253053971511514,0.0003422559846079365,0.00021695058745678508,4.6987500041568496e-08,0.0001415212046232381,0.00038654742997866844,0.3110386765002376,0.23542765241913893,0.19898066591375918,0.11901060524891494,0.1355423999179494,0.3110386615309445,0.2354276410887615,0.1989806563374582,0.1190105995213164,0.1355424415215195,0.31099359062802784,0.235393526563245,0.1989518231441827,0.11899335434944394,0.13566770531510053,0.31091553009205464,0.23533444192162573,0.1989018855042586,0.1189634865795037,0.1358846559025573,0.0,1.6653345369377348e-15,1.887379141862766e-15,1.7763568394002505e-15,0.6406550284837464,0.0,0.0,0.0,0.0,0.6406555747423857,0.0,0.0,2.220446049250313e-16,0.0,0.6422996590451178,0.0,0.0,0.0,0.0,0.6451441053124451,1.0,1.0,1.0,1.0,0.6406550284837464,0.6406555747423857,0.6422996590451178,0.6451441053124451,-0.1875934554177938,-0.18759338694380662,0.826218613131103,0.8322916505324692,0.8344220108682491,0.8328522471651011
LT-CG-1,0.65,1.45,2.1025,8,2,20260212,0.0,0.4284824743646949,0.6872455421412269,1.4780071650841098,1.918551582773322,0.6406555747423854,0.9637150114100446,6.17337292396769e-11,0.00012526385531480555,0.00034221444277159063,0.00021695058745678508,6.972270146347422e-11,0.00014147428684589797,0.00038650051220132835,0.31103866155315657,0.2354276411055742,0.19898065635166814,0.11901059952981538,0.13554244145978575,0.3110386615309445,0.2354276410887615,0.1989806563374582,0.1190105995213164,0.1355424415215195,0.31099359062802784,0.235393526563245,0.1989518231441827,0.11899335434944394,0.13566770531510053,0.31091553009205464,0.23533444192162573,0.1989018855042586,0.1189634865795037,0.1358846559025573,0.0,1.6653345369377348e-15,1.887379141862766e-15,1.7763568394002505e-15,0.6406555739318169,0.0,0.0,0.0,0.0,0.6406555747423857,0.0,0.0,2.220446049250313e-16,0.0,0.6422996590451178,0.0,0.0,0.0,0.0,0.6451441053124451,1.0,1.0,1.0,1.0,0.6406555739318169,0.6406555747423857,0.6422996590451178,0.6451441053124451,-0.18759338704541173,-0.18759338694380662,0.826218613131103,0.8322916505324692,0.8344220108682491,0.8328522471651011
LT-CG-1,0.9,1.45,2.1025,4,2,20260212,0.0,0.4284824743646949,0.6872455421412269,1.4780071650841098,1.918551582773322,0.6406555747423854,0.9637150114100446,9.42774451327677e-06,3.119678768710721e-06,0.0013835016235302713,0.001386621302298982,1.073098178752818e-05,3.550925250751017e-06,0.0015747489448981826,0.3571740015125871,0.2428851833813523,0.19242415465702403,0.09444490169930318,0.11307175874973335,0.3571702048748473,0.2428826015947453,0.1924221092539306,0.09444389778223018,0.1130811864942467,0.35717525783536186,0.24288603770497727,0.19242483148917564,0.09444523389952054,0.11306863907096464,0.35661685293168377,0.2425063116418917,0.19212399606696812,0.09429757898619273,0.11445526037326362,0.0,-2.4980018054066022e-15,-6.661338147750939e-16,8.881784197001252e-16,0.6405511251215632,0.0,5.551115123125783e-17,-1.1102230246251565e-16,0.0,0.6406555747423854,0.0,-1.1102230246251565e-16,-1.1102230246251565e-16,0.0,0.6405165606466126,0.0,5.551115123125783e-17,-1.1102230246251565e-16,0.0,0.6557982974193735,1.0,1.0,1.0,1.0,0.6405511251215632,0.6406555747423854,0.6405165606466126,0.6557982974193735,-0.25393644015137695,-0.2539193085935598,1.158864228327385,1.1608580295667128,1.1573436352337134,1.153180034536294
LT-CG-1,0.9,1.45,2.1025,6,2,20260212,0.0,0.4284824743646949,0.6872455421412269,1.4780071650841098,1.918551582773322,0.6406555747423854,0.9637150114100446,6.7979726986466815e-09,1.2540625309288844e-05,0.0013740806769896932,0.001386621302298982,7.73768539993862e-09,1.4274169352879259e-05,0.0015640257007960544,0.35717020761245244,0.24288260345636886,0.1924221107287897,0.09444389850611512,0.11308117969627403,0.3571702048748473,0.2428826015947453,0.1924221092539306,0.09444389778223018,0.1130811864942467,0.35717525783536186,0.24288603770497727,0.19242483148917564,0.09444523389952054,0.11306863907096464,0.35661685293168377,0.2425063116418917,0.19212399606696812,0.09429757898619273,0.11445526037326362,0.0,-2.3314683517128287e-15,-6.661338147750939e-16,8.881784197001252e-16,0.6406554994306428,0.0,5.551115123125783e-17,-1.1102230246251565e-16,0.0,0.6406555747423854,0.0,-1.1102230246251565e-16,-1.1102230246251565e-16,0.0,0.6405165606466126,0.0,5.551115123125783e-17,-1.1102230246251565e-16,0.0,0.6557982974193735,1.0,1.0,1.0,1.0,0.6406554994306428,0.6406555747423854,0.6405165606466126,0.6557982974193735,-0.2539193209454993,-0.2539193085935598,1.158864228327385,1.1608580295667128,1.1573436352337134,1.153180034536294
LT-CG-1,0.9,1.45,2.1025,8,2,20260212,0.0,0.4284824743646949,0.6872455421412269,1.4780071650841098,1.918551582773322,0.6406555747423854,0.9637150114100446,2.7291016668762325e-12,1.2547420552885824e-05,0.0013740738817460962,0.001386621302298982,3.106440712551025e-12,1.428190393183854e-05,0.001564017966217095,0.35717020487594675,0.24288260159549238,0.19242210925452283,0.09444389778252053,0.11308118649151759,0.3571702048748473,0.2428826015947453,0.1924221092539306,0.09444389778223018,0.1130811864942467,0.35717525783536186,0.24288603770497727,0.19242483148917564,0.09444523389952054,0.11306863907096464,0.35661685293168377,0.2425063116418917,0.19212399606696812,0.09429757898619273,0.11445526037326362,0.0,-2.4980018054066022e-15,-6.661338147750939e-16,-4.440892098500626e-15,0.6406555747121494,0.0,5.551115123125783e-17,-1.1102230246251565e-16,0.0,0.6406555747423854,0.0,-1.1102230246251565e-16,-1.1102230246251565e-16,0.0,0.6405165606466126,0.0,5.551115123125783e-17,-1.1102230246251565e-16,0.0,0.6557982974193735,1.0,1.0,1.0,1.0,0.6406555747121494,0.6406555747423854,0.6405165606466126,0.6557982974193735,-0.25391930859851963,-0.2539193085935598,1.158864228327385,1.1608580295667128,1.1573436352337134,1.153180034536294
LT-CG-1,1.2,1.45,2.1025,4,2,20260212,0.0,0.4284824743646949,0.6872455421412269,1.4780071650841098,1.918551582773322,0.6406555747423854,0.9637150114100446,7.88171042390845e-06,0.0006208578908686382,0.00034441929814511135,0.0009652771890137496,9.070320678322182e-06,0.0007144870672683531,0.0003963598399273805,0.41290865859313125,0.2469158113100593,0.18100628461570448,0.0700786235117716,0.08909062196933352,0.4129050858705781,0.2469136748528326,0.18100471844550714,0.07007801715132483,0.08909850367975741,0.4126272281840493,0.2467475183563044,0.18088291429719539,0.07003085930224885,0.0897114798602021,0.4130647813796788,0.24700917138789324,0.18107472397862098,0.07010512058261863,0.08874620267118831,0.0,-1.5543122344752192e-15,0.0,-6.661338147750939e-16,0.6405746437746687,0.0,0.0,-1.1102230246251565e-16,-2.220446049250313e-16,0.6406555747423852,0.0,0.0,0.0,0.0,0.6469300421895581,0.0,1.1102230246251565e-16,0.0,0.0,0.6370317530527303,1.0000000000000002,1.0,1.0,1.0,0.6405746437746687,0.6406555747423852,0.6469300421895581,0.6370317530527303,-0.3267150960986624,-0.32669893607213285,1.5483855301816458,1.5195332925875904,1.5474297107325592,1.537573379381725
LT-CG-1,1.2,1.45,2.1025,6,2,20260212,0.0,0.4284824743646949,0.6872455421412269,1.4780071650841098,1.918551582773322,0.6406555747423854,0.9637150114100446,3.875096903083186e-09,0.0006129800555416329,0.0003522971334721167,0.0009652771890137496,4.459485328000345e-09,0.0007054212060753588,0.00040542570112037465,0.4129050876271318,0.24691367590323612,0.18100471921552555,0.07007801744944608,0.08909849980466046,0.4129050858705781,0.2469136748528326,0.18100471844550714,0.07007801715132483,0.08909850367975741,0.4126272281840493,0.2467475183563044,0.18088291429719539,0.07003085930224885,0.0897114798602021,0.4130647813796788,0.24700917138789324,0.18107472397862098,0.07010512058261863,0.08874620267118831,0.0,-1.4988010832439613e-15,0.0,-6.661338147750939e-16,0.6406555349537071,0.0,0.0,-1.1102230246251565e-16,-2.220446049250313e-16,0.6406555747423852,0.0,0.0,0.0,0.0,0.6469300421895581,0.0,1.1102230246251565e-16,0.0,0.0,0.6370317530527303,1.0,1.0,1.0,1.0,0.6406555349537071,0.6406555747423852,0.6469300421895581,0.6370317530527303,-0.3266989440168309,-0.32669893607213285,1.5483855301816458,1.5195332925875904,1.5474297107325592,1.537573379381725
LT-CG-1,1.2,1.45,2.1025,8,2,20260212,0.0,0.4284824743646949,0.6872455421412269,1.4780071650841098,1.918551582773322,0.6406555747423854,0.9637150114100446,9.29700760821106e-13,0.0006129761813744306,0.00035230100763931904,0.0009652771890137496,1.0699664975338512e-12,0.0007054167476599973,0.0004054301595357362,0.4129050858709997,0.2469136748530843,0.181004718445692,0.07007801715139633,0.08909850367882766,0.4129050858705781,0.2469136748528326,0.18100471844550714,0.07007801715132483,0.08909850367975741,0.4126272281840493,0.2467475183563044,0.18088291429719539,0.07003085930224885,0.0897114798602021,0.4130647813796788,0.24700917138789324,0.18107472397862098,0.07010512058261863,0.08874620267118831,0.0,-1.5543122344752192e-15,0.0,-8.881784197001252e-16,0.6406555747328384,0.0,0.0,-1.1102230246251565e-16,-2.220446049250313e-16,0.6406555747423852,0.0,0.0,0.0,0.0,0.6469300421895581,0.0,1.1102230246251565e-16,0.0,0.0,0.6370317530527303,1.0,1.0,1.0,1.0,0.6406555747328384,0.6406555747423852,0.6469300421895581,0.6370317530527303,-0.32669893607403916,-0.32669893607213285,1.5483855301816458,1.5195332925875904,1.5474297107325592,1.537573379381725
LT-CG-1,1.6,1.45,2.1025,4,2,20260212,0.0,0.4284824743646949,0.6872455421412269,1.4780071650841098,1.918551582773322,0.6406555747423854,0.9637150114100446,7.305629412923675e-06,0.0007126190735167494,0.0006308418551762805,0.00134346092869303,8.546178779516648e-06,0.0008336270100399558,0.0007379634212475201,0.4853927875193212,0.2445418537774855,0.16163901831580355,0.04561091127338924,0.06281542911400063,0.4853890037397589,0.24453994750180066,0.16163775829210805,0.04561055572291891,0.06282273474341354,0.48502370316893884,0.24435590834614931,0.16151611077863898,0.04557622951875559,0.06352804818751738,0.48571951727574286,0.24470646087996836,0.16174782149220127,0.045641613093263166,0.06218458725882426,0.0,0.0,-6.661338147750939e-16,0.0,0.6405780174509441,0.0,0.0,-1.1102230246251565e-16,0.0,0.6406555747423854,0.0,0.0,-1.1102230246251565e-16,0.0,0.6481039264359216,0.0,0.0,-1.1102230246251565e-16,0.0,0.6338489849108602,1.0,1.0,1.0,0.9999999999999999,0.6405780174509441,0.6406555747423854,0.6481039264359216,0.6338489849108602,-0.41078444444639584,-0.4107666772055206,2.085501417824049,2.062913592063416,2.0734070923802768,2.0500978391756335
LT-CG-1,1.6,1.45,2.1025,6,2,20260212,0.0,0.4284824743646949,0.6872455421412269,1.4780071650841098,1.918551582773322,0.6406555747423854,0.9637150114100446,3.3522428131982362e-09,0.0007053167963466389,0.000638144132346391,0.00134346092869303,3.921478149984186e-09,0.000825084752738589,0.0007465056785488868,0.48538900547597436,0.24453994837650944,0.16163775887027979,0.04561055588606576,0.06282273139117073,0.4853890037397589,0.24453994750180066,0.16163775829210805,0.04561055572291891,0.06282273474341354,0.48502370316893884,0.24435590834614931,0.16151611077863898,0.04557622951875559,0.06352804818751738,0.48571951727574286,0.24470646087996836,0.16174782149220127,0.045641613093263166,0.06218458725882426,0.0,0.0,1.7763568394002505e-15,-1.9984014443252818e-15,0.6406555391565709,0.0,0.0,-1.1102230246251565e-16,0.0,0.6406555747423854,0.0,0.0,-1.1102230246251565e-16,0.0,0.6481039264359216,0.0,0.0,-1.1102230246251565e-16,0.0,0.6338489849108602,1.0,1.0,1.0,0.9999999999999999,0.6406555391565709,0.6406555747423854,0.6481039264359216,0.6338489849108602,-0.4107666853576276,-0.4107666772055206,2.085501417824049,2.062913592063416,2.0734070923802768,2.0500978391756335
LT-CG-1,1.6,1.45,2.1025,8,2,20260212,0.0,0.4284824743646949,0.6872455421412269,1.4780071650841098,1.918551582773322,0.6406555747423854,0.9637150114100446,7.281397707004089e-13,0.0007053134448319655,0.0006381474838610644,0.00134346092869303,8.521051625315081e-13,0.0008250808321125422,0.0007465095991749335,0.48538900374013744,0.2445399475019894,0.16163775829223348,0.04561055572295435,0.0628227347426854,0.4853890037397589,0.24453994750180066,0.16163775829210805,0.04561055572291891,0.06282273474341354,0.48502370316893884,0.24435590834614931,0.16151611077863898,0.04557622951875559,0.06352804818751738,0.48571951727574286,0.24470646087996836,0.16174782149220127,0.045641613093263166,0.06218458725882426,0.0,-4.9960036108132044e-15,-2.55351295663786e-15,-1.7763568394002505e-15,0.6406555747346541,0.0,0.0,-1.1102230246251565e-16,0.0,0.6406555747423854,0.0,0.0,-1.1102230246251565e-16,0.0,0.6481039264359216,0.0,0.0,-1.1102230246251565e-16,0.0,0.6338489849108602,1.0,1.0,1.0,0.9999999999999999,0.6406555747346541,0.6406555747423854,0.6481039264359216,0.6338489849108602,-0.41076667720729215,-0.4107666772055206,2.085501417824049,2.062913592063416,2.0734070923802768,2.0500978391756335
LT-CG-1,2.1,1.45,2.1025,4,2,20260212,0.0,0.4284824743646949,0.6872455421412269,1.4780071650841098,1.918551582773322,0.6406555747423854,0.9637150114100446,6.06933825833024e-06,0.0009000199386291485,0.0008569642730493314,0.00175698421167848,7.2564303903852645e-06,0.0010760533943434186,0.0010245765402149567,0.5694769491310679,0.23157530455287748,0.1344917243221606,0.025556795750211737,0.03889922624368242,0.5694733528919115,0.2315738421579935,0.13449087500875875,0.025556634359395633,0.03890529558194068,0.5689436641490928,0.23135844655309037,0.134365779950066,0.02553286316543939,0.03979924618231151,0.5699847225228444,0.23178178837636645,0.13461164369577072,0.025579583434385506,0.03804226197063305,0.0,-3.4416913763379853e-15,-1.7763568394002505e-15,-4.440892098500626e-16,0.6405782747144928,0.0,5.551115123125783e-17,0.0,0.0,0.6406555747423854,0.0,5.551115123125783e-17,0.0,0.0,0.651916607187015,0.0,5.551115123125783e-17,-1.1102230246251565e-16,0.0,0.6295459356218149,1.0000000000000002,1.0,1.0,1.0,0.6405782747144928,0.6406555747423854,0.651916607187015,0.6295459356218149,-0.4952016003589344,-0.49518284011570796,2.7543404716169158,2.665921517328382,2.7432579691925176,2.690753413918019
LT-CG-1,2.1,1.45,2.1025,6,2,20260212,0.0,0.4284824743646949,0.6872455421412269,1.4780071650841098,1.918551582773322,0.6406555747423854,0.9637150114100446,2.7698192611030903e-09,0.0008939533701900794,0.0008630308414884005,0.00175698421167848,3.311563914187463e-09,0.0010688002755169475,0.0010318296590414277,0.569473354533101,0.23157384282537602,0.13449087539635324,0.025556634433048352,0.03890529281212139,0.5694733528919115,0.2315738421579935,0.13449087500875875,0.025556634359395633,0.03890529558194068,0.5689436641490928,0.23135844655309037,0.134365779950066,0.02553286316543939,0.03979924618231151,0.5699847225228444,0.23178178837636645,0.13461164369577072,0.025579583434385506,0.03804226197063305,0.0,5.551115123125783e-17,-1.7763568394002505e-15,-4.440892098500626e-16,0.6406555394681785,0.0,5.551115123125783e-17,0.0,0.0,0.6406555747423854,0.0,5.551115123125783e-17,0.0,0.0,0.651916607187015,0.0,5.551115123125783e-17,-1.1102230246251565e-16,0.0,0.6295459356218149,1.0,1.0,1.0,1.0,0.6406555394681785,0.6406555747423854,0.651916607187015,0.6295459356218149,-0.49518284867654344,-0.49518284011570796,2.7543404716169158,2.665921517328382,2.7432579691925176,2.690753413918019
LT-CG-1,2.1,1.45,2.1025,8,2,20260212,0.0,0.4284824743646949,0.6872455421412269,1.4780071650841098,1.918551582773322,0.6406555747423854,0.9637150114100446,5.970501870677936e-13,0.0008939506009678685,0.0008630336107106115,0.00175698421167848,7.139620076212394e-13,0.0010687969646669953,0.0010318329698913802,0.5694733528922655,0.2315738421581375,0.13449087500884188,0.02555663435941149,0.03890529558134361,0.5694733528919115,0.2315738421579935,0.13449087500875875,0.025556634359395633,0.03890529558194068,0.5689436641490928,0.23135844655309037,0.134365779950066,0.02553286316543939,0.03979924618231151,0.5699847225228444,0.23178178837636645,0.13461164369577072,0.025579583434385506,0.03804226197063305,0.0,1.1102230246251565e-16,-1.6653345369377348e-15,-4.440892098500626e-16,0.6406555747347813,0.0,5.551115123125783e-17,0.0,0.0,0.6406555747423854,0.0,5.551115123125783e-17,0.0,0.0,0.651916607187015,0.0,5.551115123125783e-17,-1.1102230246251565e-16,0.0,0.6295459356218149,1.0,1.0,1.0,1.0,0.6406555747347813,0.6406555747423854,0.651916607187015,0.6295459356218149,-0.4951828401175539,-0.49518284011570796,2.7543404716169158,2.665921517328382,2.7432579691925176,2.690753413918019
